ID,Name,Parent,URL,Summary
REQ-CAM-1,Manage campaigns,Campaign Management,https://knowledge.hubspot.com/campaigns/manage-campaigns,"Manage HubSpot campaigns from Marketing > Campaigns, including campaign actions, organization, collaboration, and campaign-level workflow."
REQ-CAM-2,Create campaigns,Campaign Management,https://knowledge.hubspot.com/campaigns/create-campaigns,"Create HubSpot campaigns to organize related marketing assets and content, set campaign details, budget, and goals, and report on campaign performance."
REQ-CAM-3,Create campaigns using campaign templates,Campaign Management,https://knowledge.hubspot.com/campaigns/campaign-templates,"Use campaign templates to create repeatable marketing campaigns, coordinate work, and guide campaign execution."
REQ-CAM-4,Associate assets and content with a campaign,Campaign Management,https://knowledge.hubspot.com/campaigns/associate-assets-and-content-with-a-campaign,"Associate assets such as emails, landing pages, CTAs, forms, social posts, and other content with a HubSpot campaign."
REQ-CAM-5,Campaigns | Frequently Asked Questions,Campaign Management,https://knowledge.hubspot.com/campaigns/campaigns-faq,"Review common questions about HubSpot campaigns, campaign behavior, asset association, and campaign reporting."
REQ-CAM-6,Understand Campaigns,Campaign Conversion,https://knowledge.hubspot.com/campaigns/understand-campaigns,Understand how campaigns organize marketing assets and content so teams can measure collective marketing effectiveness.
REQ-CAM-7,Analyze your campaign ROI,Campaign Conversion,https://knowledge.hubspot.com/campaigns/analyze-your-campaign-roi,"Review campaign ROI, spend, revenue, attributed revenue, and related performance metrics."
REQ-CAM-8,Understand your campaign's influenced contacts,Campaign Conversion,https://knowledge.hubspot.com/campaigns/campaign-influenced-contacts,Analyze influenced contacts and understand which contacts engaged with assets related to a campaign.
REQ-CAM-9,Analyze your campaign's contact lifecycle stage metrics,Campaign Conversion,https://knowledge.hubspot.com/campaigns/analyze-your-campaigns-contact-lifecycle-metrics,Review campaign contact lifecycle count and cost reports across default and custom lifecycle stages.
REQ-CAM-10,Use campaign attribution reports,Campaign Conversion,https://knowledge.hubspot.com/campaigns/use-campaign-attribution-reports,"Use attribution reporting to understand campaign influence across contacts, deals, revenue, and marketing assets."
COR-STA-11,Use line items,Standard Objects,https://knowledge.hubspot.com/products/edit-products-and-terms-in-the-line-items-editor,"Line items are individual instances of products or custom line item entries created when configuring credit memos, deals, invoices, payment links, quotes, legacy quotes, and subscriptions. Use the line item editor to configure details for product-based line items and custom line items… Such as price, discount, and billing terms. Line item behavior When using line items, keep the following behaviors in mind: Adding products: when a product is added from the product library to a deal, invoice, payment link, quote, legacy quote, or subscription, it becomes a line item specific to that record… don't need to manually create multiple payment links, quotes, or invoices to charge a buyer for products or services that renew…..."
COR-STA-12,Create and edit properties,Standard Objects,https://knowledge.hubspot.com/properties/create-and-edit-properties,"to creating a property you should: Review the property editor terminology and layout. Check whether a default HubSpot-provided property can meet your data requirements before creating a custom property. Learn more about the default properties for contacts, companies, deals, tickets, leads, line items"
COR-STA-13,Review commission statements and payments,Standard Objects,https://knowledge.hubspot.com/partner-tools/review-your-commission-payments,"in the reports, including: Total Projected Commission: projected commission across all clients for the date range specified. Clients: number of clients generating commissions in the date range specified. Commission Line Items: projected products generating commissions across all clients for the date… range specified. Monthly Commission: commission earned each month for a specific client. Commissions: total separate products generating commissions for a specific client. To view more information about a client's commissions, click the down arrow next to the client name. Projected Total: projected commission for a specific client for the date range specified.…..."
COR-STA-14,Use line items with deals,Standard Objects,https://knowledge.hubspot.com/records/use-line-items-with-deals,"Manage line items on deals in HubSpot. Learn how to add, edit, and delete line items, apply discounts and taxes, and understand deal amount calculations."
COR-STA-15,Add line items to deals using workflows,Standard Objects,https://knowledge.hubspot.com/workflows/add-line-items-to-deals-using-workflows,"Learn how to add line items to deals using the 'Add line item' workflow action.… items with the enrolled deal or a different associated deal. Product: select the line item that you'd like to associate with the deal. Learn more about creating and managing products. Quantity: select the number of products that you'd like to associate with the deal. After setting up your action, at the top, click Save. Continue setting up your workflow. Workflows Thank you for your feedback, it means a…..."
COR-STA-16,Create and manage products,Standard Objects,https://knowledge.hubspot.com/products/create-and-manage-products,"Learn how to create a product library with flat-rate and tiered-priced products, manage your product library, export products, and associate products with deals.… Create a product library of the goods and services to sell in HubSpot, and associate them as line items to deals, invoices, payment links, quotes, legacy quotes, and subscriptions. When creating products,…..."
COR-STA-17,Manage products with Breeze Assistant,Standard Objects,https://knowledge.hubspot.com/ai/manage-products-with-breeze-assistant,"Learn how to manage your HubSpot product library with Breeze Assistant.… Summary Use Breeze Assistant to create, update, and review products in your HubSpot product library using natural language prompts. Instead of manually editing product records, ask Breeze Assistant to explain how a product is configured, create new products with specific details, or update pricing… structures such as tiers. Breeze Assistant uses your existing product data to generate responses. This helps you…..."
COR-STA-18,Understand HubSpot CPQ,Standard Objects,https://knowledge.hubspot.com/cpq/understand-hubspot-cpq,"HubSpot CPQ (Configure, Price, Quote) is a set of tools for configuring products and services and creating, managing, and approving quotes. Understand the tools available in HubSpot CPQ and a common quoting workflow.… requirements Learn more about which features require a Revenue Hub seat in the product and services catalog. HubSpot CPQ tools Product library The product library stores the products and services your business sells. Use products to add line items to deals and quotes so buyers understand what… they are purchasing. Products in…… ..."
COR-STA-19,Create subscriptions for buyers,Standard Objects,https://knowledge.hubspot.com/subscriptions/create-subscriptions,"in the upper right, then select one of the following: Select from product library: add a line item based on a product in your product library, including line items created using the Shopify integration. In the right panel, search by product name, product description, or SKU. Click advancedFilters..."
COR-STA-20,Set up automated tax and tax rates,Standard Objects,https://knowledge.hubspot.com/payments/set-up-automated-tax-and-tax-rates,"Set up automated tax and tax rates in HubSpot to ensure accurate tax collection for your products and services, reducing manual data entry and errors."
COR-STA-21,Create and use price books,Standard Objects,https://knowledge.hubspot.com/products/use-price-books,"Create and manage price books to customize product pricing for different buyer types, ensuring standardized pricing across teams.… started Understand requirements Add products to your product library before creating price books. Price books use products from your product library. You can configure different pricing and terms for those products in each price book. Understand limitations and considerations When working with price… right, click Add products. In the right panel, select the checkboxes next to the products you want to add to the price book, then click Add. Learn more about configuring…..."
COR-CUS-22,Sync custom objects between HubSpot and Salesforce,Custom Objects,https://knowledge.hubspot.com/salesforce/set-up-and-use-salesforce-custom-object-sync,"Learn more about syncing custom objects from Salesforce to HubSpot.… After connecting Salesforce to HubSpot, you can sync Salesforce custom objects with HubSpot. Syncing custom objects keeps object data consistent across both platforms. For example, if your Salesforce account uses a custom object to track subscriptions, you can sync that object with HubSpot so your..."
COR-CUS-23,Create and edit custom objects,Custom Objects,https://knowledge.hubspot.com/object-settings/create-custom-objects,"Explore tips for when to create a custom object, then learn how to define, edit, or delete a custom object in your account settings.… Summary If your business requires a relationship or process beyond the standard CRM objects, create and define a custom object in the data model or via API. Custom objects allow you to track business specific data that fits outside of HubSpot's fully-defined objects. In this article, review..."
COR-CUS-24,Sync custom objects between HubSpot and data sync apps,Custom Objects,https://knowledge.hubspot.com/integrations/sync-custom-objects-between-hubspot-and-data-sync-apps,"Learn how to seamlessly sync custom objects between HubSpot and various data sync apps, ensuring efficient data management and integration.… Use data sync to sync custom objects between HubSpot and supported data sync apps. Syncing custom objects helps keep the same object data available across both systems, reducing manual updates and supporting consistent records for your business processes. For example, if you use a custom object..."
COR-CUS-25,Track your CRM data usage,Custom Objects,https://knowledge.hubspot.com/data-management/track-crm-data-limits,"labels (Professional and Enterprise only) Custom objects (Enterprise only) Please note: the limits shown will depend on your HubSpot subscription. Learn more about your account's limits in the HubSpot Product & Services Catalog. View CRM data usage and limits To view your account's CRM data limits… in the left sidebar menu. To filter the objects included, click the Filter by dropdown menu, then select the objects. To view all custom/calculated properties for an object, hover over the row, then click View all [custom/calculated] properties.…… ..."
COR-CUS-26,Manually associate payments with other records,Custom Objects,https://knowledge.hubspot.com/payments/manually-associate-payments-with-other-records,"Learn how to manually associate payments with records in HubSpot to enhance customer tracking, streamline reporting, and manage transaction data efficiently."
COR-CUS-27,Manage credit memos,Custom Objects,https://knowledge.hubspot.com/invoices/manage-credit-memos,"to delete, then click Delete to confirm. Associate credit memos with other records You can associate credit memos with standard objects or custom objects in HubSpot. Associate credit memos with standard objects You can manually associate credit memos with records to keep track of the relationships..."
COR-LIF-28,Use contact and company lifecycle stages,Lifecycle & Stages,https://knowledge.hubspot.com/records/use-lifecycle-stages,"Learn how HubSpot lifecycle stages track contacts and companies through marketing and sales. Review default stages, automation, properties and usage.… Summary Use lifecycle stages to categorize your contacts and companies based on where they are in your marketing and sales processes. The Lifecycle stage property shows you where a specific contact or company is in your processes, and understand how leads are handed off between marketing and sales..."
COR-LIF-29,Create and customize lifecycle stages,Lifecycle & Stages,https://knowledge.hubspot.com/object-settings/create-and-customize-lifecycle-stages,"Learn how to create custom lifecycle stages in HubSpot to track contacts and companies through your unique customer journey.… Lifecycle stages categorize your contacts and companies while providing context about where they are in your sales and marketing processes. If your business processes involve categories beyond the default lifecycle stages, you can create custom lifecycle stages. If you previously created a custom..."
COR-LIF-30,Automatically set and sync record lifecycle stages,Lifecycle & Stages,https://knowledge.hubspot.com/object-settings/manage-how-lifecycle-stages-sync-between-objects,"Learn how you can set your companies and deals to automatically sync lifecycle stages to the associated records.… In HubSpot, you can automatically set lifecycle stages based on how a record was created or automatically sync the lifecycle stages of certain associated objects: A contact's or company's lifecycle stage can be automatically set for newly created contacts or companies. A contact's or company's… lifecycle stage can…..."
COR-LIF-31,Specify lifecycle stages when syncing leads and contacts using HubSpot data sync,Lifecycle & Stages,https://knowledge.hubspot.com/integrations/specify-lifecycle-stages-when-syncing-leads-and-contacts-using-hubspot-data-sync,"Sync leads and contacts from HubSpot to third-party apps based on lifecycle stages for enhanced flexibility. Ensure successful integration with tailored sync settings.… third-party app] section, click Edit and select which lifecycle stage contacts in HubSpot need to be in to sync to the third-party app as contacts. Please note: if you're setting up both a contact and lead sync for the same app, any lifecycle stages selected for one sync will not be available for the other. Learn more about connecting and using data sync.… You can specify which leads and contacts should sync from HubSpot to your…..."
COR-LIF-32,Sync contacts to other apps,Lifecycle & Stages,https://knowledge.hubspot.com/integrations/sync-contacts-to-other-apps,"Sync HubSpot contacts seamlessly with other apps using HubSpot sync. Manage lifecycle stages to optimize your customer journey.… You can sync HubSpot contacts to and from other apps using HubSpot sync. Leads and contacts in other apps will be synced as contacts in your HubSpot account. When syncing your leads and contacts to HubSpot, Hubspot will use lifecycle stages to define their stage in the customer journey..."
COR-LIF-33,Associate activities with records,Lifecycle & Stages,https://knowledge.hubspot.com/records/associate-activities-with-records,"to your settings for the expected behavior in your account. Company activities: if an activity is first logged on a company record, it will be automatically associated with the company’s five most recent associated open deals (i.e., deals that are not in closed-won or closed-lost deal stages). One-to-one..."
COR-LIF-34,Understand your data sync field mappings,Lifecycle & Stages,https://knowledge.hubspot.com/integrations/understand-your-data-sync-field-mappings,"app, the phone number in HubSpot will be overwritten by the number listed in your third-party app. Brands If you have the Brands add-on, you can set up a two-way field mapping between the Brands property in HubSpot and any custom multi-checkbox or text field in the third-party app. Deal stages, ticket… with their respective company or deal records. To prevent associations from being made, turn the association mapping off. Association mappings cannot be edited or deleted. Learn more about setting up association mappings. Phone number Some apps store multiple values for a property under different labels… status, or order status To sync the deal stage, ticket…..."
COR-LIF-35,Report on revenue,Lifecycle & Stages,https://knowledge.hubspot.com/reports/how-do-i-report-on-revenue-in-hubspot,"in the selected time frame. Open deals are deals that are not in closed-won or closed-lost deal stages. Recent Deal Amount by Source: the recent deal amount associated with each contact source. Only deals with associated contacts will be included in this report. Closed revenue by source: the closed deal amounts… range, broken down by the the first conversion. Companies revenue by source: total company revenue from the specific time range, broken down by source. Deal Closed vs Goal: revenue from closed deals compared to your team's quota or a…..."
COR-LIF-36,HubSpot's default deal properties,Lifecycle & Stages,https://knowledge.hubspot.com/properties/hubspots-default-deal-properties,Learn more about the definitions of HubSpot's default deal properties.… scheduling page and that meeting is associated with an open deal. Only a contact's five most recent open deals are automatically associated with meetings. Deal stage: deal stages allow you to categorize and track the progress of the deals that you're working on. Learn more about setting up...
COR-LIF-37,Set up the forecast tool,Lifecycle & Stages,https://knowledge.hubspot.com/forecast/set-up-the-forecast-tool,"deal stages. Then, you’ll set forecastable revenue goals for your team members. You can also customize the forecast columns that will appear in the forecast tool. Learn more about configuring forecast types. Permissions required Super Admin permissions are required to set up the forecast tool..."
COR-LIF-38,Manage records in the updated board view,Lifecycle & Stages,https://knowledge.hubspot.com/records/use-the-updated-board-view,"Learn how to use the updated board view in HubSpot to manage records, move deals between stages, and edit or delete records in pipelines.… Group board by: change the enumeration property used to display the board stages (e.g., Deal Type instead of Deal Stage). Manage stage automation: configure stage-specific automations. Manage stage settings: configure stage-specific settings. To manage filters: Click the advancedFiltersIcon toggle… Professional, or Enterprise subscription is required to use multiple pipelines. Your account may use personalized names for each object (e.g., opportunity instead of <…..."
COR-LIF-39,Set up pipeline automations for objects,Lifecycle & Stages,https://knowledge.hubspot.com/object-settings/set-up-pipeline-automations-for-objects,"Automate actions for deals, projects, tickets, and custom objects. Trigger tasks, notifications, and emails based on pipeline stage or status.… Automatically trigger actions, such as creating tasks or sending notifications, when records move through pipeline stages or ticket statuses. For example, a ticket status can automatically be set to Waiting on customer when a support rep sends an email from the ticket. This article explains how..."
COR-LIF-40,Create tickets,Lifecycle & Stages,https://knowledge.hubspot.com/records/create-tickets,"Organize and track customer inquiries in HubSpot. Learn how to create tickets from: index pages, records, help desk, or automatically via workflows.… to view and save reports about your tickets. Before you get started Subscription required A Brands add-on subscription is required to create tickets for a specific brand by selecting it in the main navigation. Create a ticket from the index page In your HubSpot account, click More, then navigate… to CRM > Tickets. If More doesn't appear in your account, navigate to CRM > Tickets directly. In the upper right, click Create ticket. In the right panel, enter your ticket details. If you want to customize the…..."
COR-ACT-41,Receive calls in the HubSpot browser,Activities & Engagements,https://knowledge.hubspot.com/calling/receive-calls-in-hubspot,"You can answer inbound phone calls in HubSpot without the need to forward the call to a cellular device.… When answering inbound calls in HubSpot, you can: Access records and write notes from your desktop: Eliminate the need to forward calls to your cell phone, allowing you to manage calls directly from your computer. Save calls to the call index page: As soon as a call is answered, it's saved..."
COR-ACT-42,Make calls in the HubSpot browser,Activities & Engagements,https://knowledge.hubspot.com/calling/make-calls-in-the-hubspot-browser,"Make calls in the HubSpot browser via a contact record, the calling remote, or the conversations inbox.… Summary Learn how to make calls directly from the Contacts index page, a contact record, the calling remote, or the conversations inbox. You can use a HubSpot-provided number, a registered outbound number, or a third-party calling provider. Learn more about receiving calls in your HubSpot browser… Seats required An assigned Sales or Service seat is required to make calls. Before you get started Please note the following information before making calls in HubSpot: The number of calling minutes you…..."
COR-ACT-43,Review calls in the call index,Activities & Engagements,https://knowledge.hubspot.com/calling/review-calls-in-the-call-index,"Use the call index to review inbound and outbound calls that you place in HubSpot, including third-party integrations like Zoom.… The call index page allows you to access summarized call data for inbound and outbound calls that you place in HubSpot, including third-party integrations like Zoom. The call index page has two default views, but can be customized according to different criteria. The call index page displays… : Inbound forwarded calls Inbound in-app calls Inbound in-app voicemails Outbound manually logged calls Outbound calls…..."
COR-ACT-44,Create calls-to-action (CTAs),Activities & Engagements,https://knowledge.hubspot.com/ctas/create-calls-to-action,"Learn how to create pop-up or banner calls-to-action to attract visitors and drive traffic to specific pages.… Use the calls-to-action (CTA) tool to create button CTAs, banners, or pop-ups to add to your HubSpot pages and attract new visitors. You can also add CTAs to external pages. Before adding a CTA to an external page, you must install the HubSpot tracking code, or install the HubSpot WordPress plugin… another rule, click Add rule. To exclude the calls-to-action from certain pages, click Add exclusion rule. For example, you may want to add an exclusion for a privacy policy page. Visitors and frequency In the Who will it be shown to section, set the audience for your CTA. You can select from..."
COR-ACT-45,"Add videos to chat, one-to-one emails, templates, and sequence emails",Activities & Engagements,https://knowledge.hubspot.com/one-to-one-email/add-videos-to-crm-emails,"Learn how to add videos to one-to-one emails, sales email templates, or sequence emails.… Record and send videos in chat conversations from the inbox or help desk, one-to-one emails, sales email templates, or when enrolling contacts in sequence. Each video can be up to one hour in length. Please note: these video features are independent of the Vidyard for HubSpot integration, which..."
COR-ACT-46,How to Use Transactional Emails to Send Relationship-Based Emails in HubSpot,Activities & Engagements,https://knowledge.hubspot.com/marketing-email/send-transactional-emails,"Learn how you can use transactional emails to send relationship-based emails to your contacts.… Summary Send transactional emails from HubSpot using a dedicated IP address with the Transactional Email Add-On. Transactional emails help to manage your domain reputation for inbox placement and deliverability. Before getting started, learn more about the differences between transactional… and marketing emails. Then, create and send transactional emails directly from your HubSpot account. Please note: to purchase the Transactional Email Add-On,…… ..."
COR-ACT-47,Create programmable emails,Activities & Engagements,https://knowledge.hubspot.com/marketing-email/create-programmable-emails,"Learn how to create programmable emails in HubSpot (BETA).… With programmable emails, you can use advanced HubL syntax to personalize the content of your emails. Learn more working with CRM data in modules in HubSpot's developer documentation. Understand limitations and considerations The data you can use in a programmable email depends on your HubSpot… emails. The number of CRM functions that you can add to a programmable email depends on the number of recipients: Emails with 5 CRM functions can be sent to a maximum of 100,000 recipients. No more than 5 CRM functions can be added to a programmable…..."
COR-ACT-48,Export marketing emails,Activities & Engagements,https://knowledge.hubspot.com/marketing-email/export-marketing-emails,"Learn more about exporting marketing emails in HTML or PDF format.… You can export PDF or HTML versions of marketing emails sent from HubSpot. HTML versions help you recreate emails elsewhere, while PDF versions can be shared with other team members for approval or saved for compliance. Export drafted emails In your HubSpot account, click More, then navigate… contact. Click the Choose an example contact dropdown menu and select a contact. No, show default content: fills out personalization tokens with the default values. Click Export. Export sent emails In your HubSpot account, click More, then…..."
COR-ACT-49,Prepare for and manage meetings on the HubSpot mobile app,Activities & Engagements,https://knowledge.hubspot.com/meetings-tool/prep-and-manage-meetings-on-the-hubspot-mobile-app,"Prepare for meetings and edit meeting details on the HubSpot mobile app. Use Breeze, HubSpot's AI, to prepare for upcoming meetings.… Review and edit information about scheduled meetings on the HubSpot mobile app with the dedicated meeting details page. From a meeting's details page, you can review your meeting agenda, attendees, and internal notes. You can also use Breeze, HubSpot's AI, to prepare for your upcoming meetings… to create scheduling pages so that contacts can book meetings with you. View meeting details Open the HubSpot app on your iOS or Android device. In the HubSpot app, you can…..."
COR-ACT-50,Analyze meetings,Activities & Engagements,https://knowledge.hubspot.com/meetings-tool/analyze-meetings,"Learn definitions of each of the metrics on your meetings dashboard in HubSpot.… Use the meetings dashboard to analyze your scheduling pages, helping you understand how your individual scheduling pages are performing. For example, you can quickly see how many contacts viewed a scheduling page and the conversion rate for that page (how many of those contacts ended up booking..."
COR-ACT-51,Can't connect calendar to the meetings tool,Activities & Engagements,https://knowledge.hubspot.com/meetings-tool/why-cant-i-connect-to-meetings-with-hubspot-sales,"Learn why you may be unsuccessful in connecting your email account to the HubSpot Sales Meetings tool.… If you've tried to connect your calendar to the meetings tool, but are being redirected to your activity feed or receiving an error, make sure that your permissions and MX records have been set up correctly for your email account. You may receive an error for one of the following reasons: Error..."
COR-ACT-52,Create scheduling pages with the meetings tool,Activities & Engagements,https://knowledge.hubspot.com/meetings-tool/create-and-edit-scheduling-pages,"Summary Create one-on-one scheduling pages so contacts can book meetings with you. If you have an assigned Sales or Service seat, you can also create a team scheduling page so contacts can book time with multiple users. Set up your scheduling page details such as the welcome page, booking… meetings will sync with your connected calendar so your appointments will always be up-to-date. Before you get started The type and amount of scheduling pages you can create depend on your subscription. Learn more about your subscription limits in HubSpot’s Product & Services catalog. Users… cannot create scheduling pages. If Meetings Scheduler doesn't appear in the navigation menu under Sales, make sure that your user has Sales…..."
COR-ACT-53,Create tasks,Activities & Engagements,https://knowledge.hubspot.com/tasks/create-tasks,"Learn how to create tasks, set up task queues, set tasks to repeat, and use your tasks to organize your processes within HubSpot.… To manage your to-do list in HubSpot, create tasks. Tasks are reminders for work you need to complete and can be associated with specific records, such as contacts, companies, or deals. Once you’ve created tasks, learn how to complete tasks or edit and delete them. Task details Regardless of where… or Reminder: click the dropdown menu to select when an…..."
COR-ACT-54,"Create, view, and complete tasks in the HubSpot mobile app",Activities & Engagements,https://knowledge.hubspot.com/mobile/use-tasks-in-the-hubspot-mobile-app,"Learn how you can use tasks on the HubSpot mobile app.… When you're on the go, you can access your tasks via your mobile device in the HubSpot mobile app. If you're using a computer or laptop, learn how to use tasks on desktop. If you have a paid LinkedIn Sales Navigator account, you can also manage your LinkedIn tasks from the mobile app. Create tasks"
COR-ACT-55,Complete tasks,Activities & Engagements,https://knowledge.hubspot.com/tasks/complete-tasks,"Learn how to complete tasks in multiple places in your HubSpot account.… in HubSpot to keep up with your to-do list and track the work you've finished. Tasks can be marked as completed from the tasks index page, on a record, or in Gmail. To complete tasks back to back, you can complete tasks consecutively in a view. Learn more about how to: Create tasks Filter tasks… and save views Edit or delete tasks If you're on a mobile…… ..."
COR-ACT-56,Edit or delete tasks,Activities & Engagements,https://knowledge.hubspot.com/tasks/edit-or-delete-tasks,"Learn how to edit or delete your tasks.… Once you’ve created tasks, you can edit or delete your tasks from different places in your HubSpot account. Learn more about how to: Create tasks Filter tasks and save views Complete tasks If you're on a mobile device, learn how to use tasks in the HubSpot mobile app. Permissions required Edit..."
COR-ACT-57,Filter tasks and manage task views,Activities & Engagements,https://knowledge.hubspot.com/tasks/filter-tasks-and-manage-task-views,"Learn how to filter your tasks, manage task saved views, and customize which properties appear in columns on the tasks index page."
COR-ACT-58,Sync tasks to Google or Outlook Calendar,Activities & Engagements,https://knowledge.hubspot.com/tasks/sync-tasks-to-your-google-or-outlook-calendar,"Learn how to sync HubSpot tasks to appear directly on your Google Calendar or Office 365 Calendar.… If you've connected your Google or Outlook Calendar to HubSpot, you can sync tasks to appear on your calendar. With this setting turned on, any new task you create in HubSpot will appear as a 15-minute event at the task's due date and time. The event will also include any associated records… and task notes. Seats required An assigned Sales or Service seat is required to sync tasks to your calendar. Before you get started Before you can set up the task calendar sync, complete the following steps: Turn on HubSpot’s calendar sync with Google or Outlook Calendar. Create a subcalendar in Google… or Outlook Calendar. For…… ..."
COR-ACT-59,Record and take notes in meetings with Notetaker,Activities & Engagements,https://knowledge.hubspot.com/meetings-tool/record-and-take-notes-in-meetings-with-meeting-notetaker,"Learn how to use HubSpot meeting notetaker to automatically join your virtual meetings and take notes.… Use Notetaker in Google Meet, Microsoft Teams, or Zoom to automatically provide next steps, meeting notes, video recordings, and transcripts. Notetaker joins any meeting booked from connected calendars, scheduling pages, proposed times, or in a record. This feature uses automatic language detection… Meetings. Click the meeting name. On the top right, turn the Invite Meeting Notetaker switch on. Turn the switch off to disinvite the notetaker. Take notes in Google Meet To use the notetaker with Google Meet meetings, you don’t need to install the Google Meet app. However, you do need to connect your… The host can…..."
COR-ACT-60,Record and take notes in Zoom meetings with Notetaker,Activities & Engagements,https://knowledge.hubspot.com/meetings-tool/record-and-take-notes-in-zoom-meetings-with-notetaker,"Learn how to use the HubSpot meeting notetaker to automatically record and take notes during your Zoom meetings.… Users can set up Notetaker to automatically join meetings and provide next steps, meeting notes, a video recording, and transcripts. Notetaker joins any meeting booked from an external calendar, scheduling page, proposed time, or in a record, as long as the meeting's Location is set as a Zoom link… Users can set up Notetaker to automatically join meetings and provide next steps, meeting notes, a video recording, and transcripts. Notetaker joins any meeting booked from an external calendar, scheduling page , proposed time , or in a record , as long as the meeting's Location is set as a Zoom link."
COR-ASS-61,Create and manage CRM record associations with workflows,Associations,https://knowledge.hubspot.com/workflows/manage-crm-record-associations-with-workflows,"Learn how to manage and automate your CRM records' associations with the Apply association labels, Update association labels, Create associations, and Remove association labels actions.… associated Associated records with a specific label How to create new associations between records using workflows Use this action to create new associations within CRM records. For example, you can create associations between contacts and companies when they have matching Company name property values..."
COR-ASS-62,Create advanced eCommerce reports,Associations,https://knowledge.hubspot.com/reports/advanced-ecommerce-reporting,"{% set associated_contact = crm_associations({{ module.deal.id }}, 'HUBSPOT_DEFINED', 3, 'orderBy=-createdate') %}… {% set associated_line_items = crm_associations({{ module.deal.id }}, 'HUBSPOT_DEFINED', 19, 'orderBy=-createdate') %}… {% set product = crm_object('product', item.hs_product_id, 'name,price,hs_url', false) %}"
COR-ASS-63,Set limits for record associations,Associations,https://knowledge.hubspot.com/object-settings/set-limits-for-record-associations,"Learn how to set limits for record associations regardless of label and limits specific to certain association labels.… with many records of the other object using the label. Custom: a record can be associated with a specified number of records of the other object using the label. In the field, enter a number to set a custom limit. Click Save. Once saved, users cannot create associations or set association labels… Configure limits for the number of associated records or labels used to describe associations to help maintain accurate association data. For example, you can set a limit of one associated…..."
COR-ASS-64,Embed HubSpot data into a Zoho CRM record,Associations,https://knowledge.hubspot.com/integrations/embed-hubspot-data-into-a-zoho-record,"Learn how to embed HubSpot data into a Zoho CRM record.… Submitted forms, and attended meetings. Click the Workflows tab to view any workflows that the record is enrolled in, or enroll a record in a workflow. Click the HubSpot Properties tab to view all HubSpot object properties and record associations.… After connecting HubSpot and Zoho CRM, you can embed HubSpot data into a Zoho record. This allows you to view information from a HubSpot contact, company, or deal record directly in…..."
COR-ASS-65,Edit a property value for a record,Associations,https://knowledge.hubspot.com/records/update-a-property-value-for-a-record,"Learn how to edit property values within an individual record such as contacts, or projects. Also learn about bulk editing via segments or index pages.… will be automatically saved. You cannot edit a record's associations or the property shown in the left-most column. You can continue to click and edit additional properties in the table. To update the same property for multiple records at a time, learn how to bulk edit records. Edit property values… You cannot edit a record's associations or the property shown in the left-most column. You can continue to click and edit additional properties in the…… ..."
COR-ASS-66,Create and use association labels,Associations,https://knowledge.hubspot.com/object-settings/create-and-use-association-labels,"Learn how to label your record associations for relationship distinction and use labels in other HubSpot tools such as segments, workflows, and reports.… need to remove the labels from those assets before deleting. Set or update association labels on records On a record, add or remove labels for its associations. Alternatively, set association labels in bulk via import. To add a new association with a label, or update a record's primary company..."
COR-PIP-67,Define your data model with recommendations,Pipelines,https://knowledge.hubspot.com/data-management/data-model-templates,"are available: Real estate: for real estate companies, such as agencies and property management firms, that work with real estate listings. This recommendation activates the Listings object and associates it with contacts. It also includes recommended custom properties and deal pipelines for renting… You can apply data model recommendations that automatically create objects, properties, pipelines, and associations relevant to your industry. Using a recommendation, you can skip the manual work of setting up your data model and more efficiently and reliably track data in your CRM database. You..."
COR-PIP-68,Set up and manage object pipelines,Pipelines,https://knowledge.hubspot.com/object-settings/set-up-and-customize-pipelines,"Learn how to create, clone, customize and delete your pipelines and stages in HubSpot.… Pipelines help visualize your processes through stages, which are steps that signal where a record is in a process. For example, create deal pipelines to track revenue, ticket pipelines to track customer issues, or listing pipelines to track for-sale properties. Please note: your account may use..."
COR-PIP-69,Create custom funnel reports,Pipelines,https://knowledge.hubspot.com/reports/create-new-custom-funnel-reports,"Analyze conversion rates between stages with custom funnel reports. You can choose between lifecycle stages or deal pipelines. Standard funnel report stages use HubSpot's built-in Lifecycle stage or Deal stage properties, not custom properties. HubSpot calculates these stages from automatically… their respective lifecycle stages. Companies: measures how companies are moving through their respective lifecycle stages. Deals: measures how deals are moving through their respective deal stages. Click the First stage event dropdown menu to select the event you want to begin in the journey. Click Next..."
COR-PIP-70,Create and respond to tickets in help desk,Pipelines,https://knowledge.hubspot.com/help-desk/create-respond-to-tickets-in-help-desk,"Create and respond to tickets in the help desk workspace.… the dropdown menu and select a property. Click Done. You can also manage related ticket settings, such as default associations and pipelines, in your ticket settings. Learn more about setting up and managing ticket pipelines. Create tickets in help desk Create tickets manually or by sending an outgoing..."
COR-PIP-71,Set up rules for object pipelines,Pipelines,https://knowledge.hubspot.com/object-settings/set-up-pipeline-rules,"Learn to configure deal, ticket, lead, project, and custom object pipeline rules in HubSpot such as stage progression and editing access.… Set rules for your appointment, contact, company, course, custom object, deal, lead, listing, order, project, service, and ticket pipelines to manage how users can create and move records through a pipeline. The following rules can be enforced for each individual pipeline: Set stages where new… Navigate to the Pipelines tab. Click the name of the pipeline for which you want to set rules. At the bottom, click the Pipeline Rules tab. In each row, toggle the switch on to apply the rule. Depending on the rule, customize the…..."
COR-PIP-72,Customize the board view for objects with pipelines,Pipelines,https://knowledge.hubspot.com/object-settings/select-properties-to-show-on-records-in-board-view,"Learn how to customize the properties shown on board cards and the appearance of your pipelines in board view for objects such as contacts or deals.… Highlight the card as inactive). For deals, tickets, and leads, activities display on records in an open pipeline stage. Approvals: displays approval process status and details for deals. This section appears only for pipelines where approvals is turned on, and it cannot be edited or removed..."
COR-BUS-73,Overview of imports,Business Structure,https://knowledge.hubspot.com/import-and-export/get-started-with-imports,"Overview of HubSpot imports, including file formatting, sample files, import methods, and how to review, troubleshoot, and repeat imports.… Thank you for your feedback, it means a lot to us. This form is used for documentation feedback only. Learn how to get help with HubSpot..."
COR-BUS-74,Overview of the conversations inbox,Business Structure,https://knowledge.hubspot.com/inbox/overview-of-the-conversations-inbox,"to help desk, learn more about moving channels connected to the conversation inbox to help desk. Using the inbox When a visitor sends an email, starts a chat, or submits a form, you can reply to them in the inbox. If you're chatting with a visitor who is new to your business, you can create a contact… When a visitor sends an email, starts a chat, or submits a form, you can reply to them in the inbox. If you're chatting with a visitor who is new to your business, you can create a contact record to add them to your database. If the contact has messaged your team before, you'll see known… Conversations is a tool in HubSpot where you and your team can view, manage, and reply to incoming messages from multiple channels..."
COR-BUS-75,Overview of email authentication,Business Structure,https://knowledge.hubspot.com/marketing-email/overview-of-email-authentication,"four separate DNS record types in your DNS provider's settings: MX, DKIM, SPF, and DMARC. This article provides an overview of what these records are and how their associated authentication protocols work. Learn more about connecting an email sending domain. Please note: your HubSpot account manager… the DMARC record in your DNS provider, all receiving email servers can authenticate incoming emails from your domain and handle any failures according to the policy you specified. Example policies You can customize your DMARC policy to fit your business needs. Here are a few examples: Neutral policy… to your business needs and your DNS provider. You should consult your IT administrator or whoever manages your DNS…..."
COR-BUS-76,Overview of email deliverability,Business Structure,https://knowledge.hubspot.com/marketing-email/overview-of-email-deliverability,"sending settings, provide best practices for migrating your existing contacts and ensuring they're engaged with your emails, and recommend how to analyze your email sending performance. Set up allowlisting and configure your DNS records If your business has implemented security settings that prevent… Learn about email deliverability best practices for new senders..."
COR-BUS-77,Overview of approvals in HubSpot,Business Structure,https://knowledge.hubspot.com/account-management/overview-of-approvals-in-hubspot,"Understand which HubSpot features allow you to set up approvals in HubSpot… Approvals in HubSpot help teams review and authorize changes before actions are finalized. Depending on the tool, approvals can require designated users to review records, content, exports, quotes, or marketing assets before they move forward. Using approvals ensures accountability, maintains..."
COR-BUS-78,Understand your automation overview,Business Structure,https://knowledge.hubspot.com/workflows/understand-your-automation-overview,"Learn how to understand your automation overview page.… From your automation overview page, you can use HubSpot's AI to create new automations. You can also get recommendations for creating different automations, and review an overview of all automation tools in your HubSpot account. Please note: you can manage AI feature access in your AI settings..."
DAT-PRO-79,HubSpot's quote properties,Properties & Data Quality,https://knowledge.hubspot.com/quotes/quote-properties,"Review the properties associated with HubSpot quotes. Use the properties in reports, segments, workflows, and API endpoints.… hs_uses_company_address_for_billing_address Indicates if company address is used for billing. Legacy and Revenue Hub quotes Quote owner hubspot_owner_id The owner of the quote. Legacy and Revenue Hub quotes HubSpot team (read only) hubspot_team_id The name of the team associated with the owner. Legacy and Revenue Hub..."
DAT-PRO-80,HubSpot's conversations properties,Properties & Data Quality,https://knowledge.hubspot.com/inbox/hubspots-conversations-properties,"HubSpot stores details about your conversations to specific properties. You can use these properties in in the workflows tool or when creating reports.… When visitors send messages to your conversations inbox through one of your connected channels, HubSpot stores details about the conversations in specific properties. You can use these properties in the workflows tool, creating reports, or when creating custom views in the conversations inbox..."
DAT-PRO-81,HubSpot's default lead properties,Properties & Data Quality,https://knowledge.hubspot.com/properties/hubspots-default-lead-properties,Learn more about the definitions of HubSpot's default lead properties.
DAT-PRO-82,HubSpot's default activity properties,Properties & Data Quality,https://knowledge.hubspot.com/properties/hubspots-default-activity-properties,"Learn more about default properties for calls, communications, emails, meetings, notes, and tasks.… In your HubSpot CRM, activities keep track of the interactions associated with contacts, companies, deals, tickets, and custom object records. When creating or editing calls, emails, meetings, notes, and tasks manually or via import, you can set or update properties. You can also use values… of these properties when filtering records in other HubSpot tools such as segments, reports, or workflows. Please note: activity properties, excluding…..."
DAT-PRO-83,HubSpot's default product properties,Properties & Data Quality,https://knowledge.hubspot.com/properties/hubspots-default-product-properties,"Learn more about the definitions of HubSpot's default product properties.… the relationship between the products and line item objects and the impact when creating custom properties. Please note: your account may use personalized names for each object (e.g., account instead of company). This article refers to objects by their HubSpot default names. Billing Term: the product..."
DAT-PRO-84,Use the data model builder,Properties & Data Quality,https://knowledge.hubspot.com/data-management/use-the-data-model-builder,"Understand the structure of your CRM data with the data model builder.… duplicates, and the last import completed for that object. If your account has an Data Hub Professional or Enterprise subscription, learn how to view property insights in the data quality command center. On the Properties tab, view all the properties for that object type. To manage the properties..."
DAT-PRO-85,A guide to HubSpot's navigation,Properties & Data Quality,https://knowledge.hubspot.com/help-and-resources/a-guide-to-hubspots-navigation,"account. Click this menu to navigate to data integration, custom events, the data quality command center, datasets, the data model explorer, and data enrichment. Automations: tools to automate actions in your HubSpot account. Click this menu to navigate to workflows. Reporting: tools to report… to all settings in the upper left to see all settings. notification Notifications: a central place to view your user notifications. Assistant: click to access the AI-collaboration tool Breeze…..."
DAT-PRO-86,Receive a weekly data quality digest,Properties & Data Quality,https://knowledge.hubspot.com/reports/receive-a-weekly-data-quality-digest,"Learn more about the weekly data quality digest.… When using the data quality command center to monitor the quality of your data, you can receive a weekly notification witha summary of your account's data health. The digest highlights changes in issue volume, tracks ongoing maintenance needs, and empowers users to proactively identify and resolve..."
DAT-PRO-87,Set up and use the HubSpot connector for ChatGPT,Properties & Data Quality,https://knowledge.hubspot.com/integrations/connect-your-hubspot-account-to-chatgpt,"Connect HubSpot to ChatGPT to analyze CRM data effortlessly, unlocking strategic insights and accelerating your sales process.… quality command center. Add context based on how you use HubSpot (e.g., custom properties, or specific object types, etc.) to make responses more tailored and actionable. Start small by updating a single record before making bulk changes. Always review the changes proposed by ChatGPT before confirming..."
DAT-PRO-88,Use data quality tools,Properties & Data Quality,https://knowledge.hubspot.com/data-management/use-data-quality-tools,"Use HubSpot's data quality tool to view property insights, evaluate record issues, and use AI to manage issues automatically."
DAT-PRO-89,Monitor email sending reputation with the email health tool,Properties & Data Quality,https://knowledge.hubspot.com/marketing-email/monitor-your-email-sending-reputation-with-the-email-health-tool,"Learn how to analyze and monitor your email sending reputation with HubSpot's email health tool.… spam reports, use Google's Postmaster Tools. Review your email health score Subscription required A Marketing Hub Professional or Enterprise subscription is required to filter by campaign. In your HubSpot account, click More, then navigate to Marketing > Email. If More doesn't appear in your account… You can review your current and historical email sending reputation using the email health dashboard. Review the key metrics of your marketing email performance, including your overall open rate,…..."
DAT-PRO-90,Service Tools,Properties & Data Quality,https://knowledge.hubspot.com/service-tools,
DAT-PRO-91,Marketing Tools,Properties & Data Quality,https://knowledge.hubspot.com/marketing-tools,
DAT-PRO-92,Sales Tools,Properties & Data Quality,https://knowledge.hubspot.com/sales-tools,
DAT-USE-93,Manage user permissions,"Users, Teams & Permissions",https://knowledge.hubspot.com/user-management/manage-user-permissions,"Learn how to make changes to permissions for users in your HubSpot account. You can do this individually or in bulk.… Permissions define how users can work within HubSpot tools they have access to through their seat. Set permissions to control what users can view, create, edit, or delete in an account. For example, you can give a sales rep permission to communicate only with contacts they own, while allowing..."
DAT-USE-94,HubSpot user permissions guide,"Users, Teams & Permissions",https://knowledge.hubspot.com/user-management/hubspot-user-permissions-guide,"A comprehensive overview of HubSpot's user permissions settings.… Permissions define how users can work within HubSpot tools they have access to through their seat. Super Admins can set user permissions to control what users can view, create, edit, or delete in an account. For example, you can give a sales rep permission to communicate only with contacts they own… While allowing a sales manager to communicate with all contacts. You can also limit edit access to properties and assign content access for specific users. Permissions required Super Admin or users with Add and edit users permissions are…… ..."
DAT-USE-95,View user permissions history,"Users, Teams & Permissions",https://knowledge.hubspot.com/user-management/view-user-permissions-history,"Learn how to view a user's permission history to troubleshoot permission issues or perform a permissions audit.… Super admins can view a user's permissions history to audit who had permissions and when. This can be helpful when troubleshooting permissions issues or when needing to audit permissions for security compliance. To view a user's permission history: In your HubSpot account, click the settings icon..."
DAT-USE-96,Assign domain publishing permissions to teams,"Users, Teams & Permissions",https://knowledge.hubspot.com/domains-and-urls/assign-domain-publishing-permissions-to-teams,"You can assign publishing permissions for connected subdomains to teams. This simplifies the publishing process for large organizations with different teams publishing content on the same content tools. Before you get started Before you begin working with this feature, make sure to fully understand… to their team or are unassigned, users must have Publishing permissions. Understand limitations & considerations To assign a domain to a team, a Marketing Hub or Content Hub Enterprise subscription is required. If a user selects a subdomain in the Settings tab of the content editor that they don't have… menu, enter the name of the team or select the checkboxes next to each team you want to have publishing permissions on…..."
DAT-USE-97,Resolve a 'Request for Integration Permissions' error,"Users, Teams & Permissions",https://knowledge.hubspot.com/integrations/resolve-a-request-for-integration-permissions-error,"When you try to connect an app to HubSpot, you may encounter a Request for Integration Permissions error. This error occurs when the app requires specific user roles or account-wide permissions before it can connect to HubSpot. This article explains the most common permission errors you may… URL. Couldn't complete the connection. You don’t have permission to connect this integration. What the error means The HubSpot user attempting to connect the integration doesn't have the necessary user roles or permissions to authorize the required scopes requested by the integration. How to resolve..."
DAT-USE-98,Grant Partner Admin permissions to partner employees,"Users, Teams & Permissions",https://knowledge.hubspot.com/partner-tools/grant-partner-admin-access-to-partner-employees,"Learn how to assign HubSpot Solutions Partner employees Partner admin permissions.… Partner Admins are partner employees who can manage your HubSpot account and assign permissions to other partners without the need for a paid seat. This article applies to HubSpot customers working with HubSpot Solutions Partners. If you are a HubSpot Solutions Partner, learn more about managing… Partner Admins. Permissions required Super Admin permissions or Add and edit users permissions are required to create and manage Partner Admins. Please note: starting January 13, 2026, all existing users with Partner Admin <…..."
DAT-USE-99,Limit access to logged emails in the CRM,"Users, Teams & Permissions",https://knowledge.hubspot.com/connected-email/limit-access-to-logged-emails-in-the-crm,"Learn how to manage user access to CRM emails.… to the emails that are relevant to them. Edit user permissions for CRM emails In your HubSpot account, click the settings icon in the top navigation bar. In the left sidebar menu, navigate to Users & Teams. Hover over the user you want to edit and click Edit permissions. Under the Choose permissions"
DAT-USE-100,Set contacts as marketing,"Users, Teams & Permissions",https://knowledge.hubspot.com/records/set-contacts-as-marketing,"using workflows. Remove a user's permissions to set contacts as marketing To change user permissions for marketing contact access: In your HubSpot account, click the settings icon in the top navigation bar. In the left sidebar menu, navigate to Users & Teams. In the table, hover on a user and click..."
DAT-USE-101,Create and assign permission sets,"Users, Teams & Permissions",https://knowledge.hubspot.com/user-management/create-permission-sets,Learn how to create permission sets to easily grant permissions to your HubSpot users.… individual user profiles. Learn more about each user permission in the HubSpot user permissions guide. Before you get started Up to 100 permission sets can be created. Users with add and edit users permissions can only assign permission sets that include permissions that they themselves have. Permission...
DAT-USE-102,Provision HubSpot users with SCIM through Okta,"Users, Teams & Permissions",https://knowledge.hubspot.com/user-management/provision-hubspot-users-with-scim-through-okta,"Learn how to set up SCIM user provisioning for HubSpot through Okta.… to provision users from providers like Microsoft Entra ID, PingFederate, OneLogin, and JumpCloud. Learn more about setting up SCIM for your identify provider. Below, learn how to set up user provisioning through Okta. Before you begin working with this feature, make sure to fully understand what steps should..."
DAT-USE-103,Provision HubSpot users with SCIM through Google,"Users, Teams & Permissions",https://knowledge.hubspot.com/account-security/provision-hubspot-users-with-scim-through-google,"Provisioning users through SCIM provides a secure and automated way to create and manage HubSpot users through Google.… to provision users from providers like Microsoft Entra ID, PingFederate, OneLogin, and JumpCloud. Learn more about setting up SCIM for your identify provider. Below, learn how to set up user provisioning through Google. Before you get started Single sign-on (SSO) must be turned on in your HubSpot account… In Google, set the user's custom attribute to be the same as the permission set. To verify your domain, you'll need to…… ..."
DAT-USE-104,Share records with users and teams,"Users, Teams & Permissions",https://knowledge.hubspot.com/records/share-records,"Learn how to share records of objects that have record pages such as contacts or appointments so they can be accessed by specific users and teams.… or both view and edit access. Any user or team member with view and edit access can share records. Click Save. Learn more about restricting view and edit access for properties. Share records Permissions required Access to the Shared users or Shared teams properties or Super Admin permissions… To give users access to records in addition to those they own, you can share individual records. You can share HubSpot-defined and custom objects that have a record page (e.g., contacts, appointments, deals). When you share…..."
DAT-USE-105,Share sales content with users and teams,"Users, Teams & Permissions",https://knowledge.hubspot.com/sequences/share-sales-content-with-users-and-teams,"the sales content. Specific users and teams: only specific users and teams can view and use the sales content. To grant access, select the checkboxes next to the teams or users. This option can only be selected by Super Admins or users with assigned Sales or Service seats. Click Save. Bulk share sequences… users and teams: only specific users and teams can view and use the sales content. To grant access, select the checkboxes next to the teams or users. This option can only be selected by Super Admins or users with assigned Sales or Service…..."
DAT-USE-106,Review permission-related product updates,"Users, Teams & Permissions",https://knowledge.hubspot.com/account-management/review-permission-related-product-updates,View permission-related product updates directly in your Users & Teams settings to stay informed about recent changes while managing permissions.… You can review the latest permission-related product updates directly from your Users & Teams settings. These updates appear in a side panel so you can understand recent permission changes without navigating away from the page. This helps you stay informed about updates while managing or reviewing...
DAT-USE-107,Customize HubSpot Sales Chrome extension settings,"Users, Teams & Permissions",https://knowledge.hubspot.com/connected-email/customize-your-hubspot-sales-chrome-extension-default-configuration-options,"Configure your HubSpot Sales Chrome extension settings directly from the extension in your inbox.… to the CRM. HubSpot Sales Chrome extension settings apply to your Gmail inbox. To set default track and log settings for all users in your account, learn how to configure default log and track settings. Configure email log and track preferences Set your inbox's log and track settings to automatically… the checkbox to hide…..."
DAT-USE-108,Customize HubSpot Sales Office 365 add-in settings,"Users, Teams & Permissions",https://knowledge.hubspot.com/connected-email/customize-your-hubspot-sales-office-365-add-in,"Change which account your Office 365 add-in is connected to, configure your default log and track settings, and manage your email integration settings directly from the Office 365 add-in in your inbox.… Configure your default settings for the HubSpot Sales Office 365 add-in. This includes managing email log and track preferences for your inbox, accessing your email integration settings, and managing which HubSpot account your…..."
DAT-USE-109,Customize your HubSpot Sales Outlook desktop add-in | Knowledge Base,"Users, Teams & Permissions",https://knowledge.hubspot.com/connected-email/customize-your-hubspot-sales-outlook-desktop-add-in,"Manage your Outlook desktop add-in default settings.… If you're using the Outlook desktop add-in, the HubSpot Sales Office 365 add-in will automatically be installed if you switch to the new Outlook for Windows. Learn more in this HubSpot Community post. To access your settings: Log in to your Outlook desktop account. In the Outlook inbox ribbon, click..."
DAT-USE-110,Track and log emails with the HubSpot Sales Chrome extension | Knowledge Base,"Users, Teams & Permissions",https://knowledge.hubspot.com/connected-email/track-and-log-emails-with-the-hubspot-sales-chrome-extension,"Learn how to send tracked and logged emails from your inbox to HubSpot using the HubSpot Sales Chrome extension.… or their associated records. You can specify email addresses and domains that you never want to log emails for in your HubSpot account settings. Or you can add these email addresses and domains in your Chrome extension settings. Learn more about the difference between tracking and logging. Before you get started… and track settings Permissions required Super Admin…… work,…..."
DAT-USE-111,Disconnect your LinkedIn Ads account from HubSpot,"Users, Teams & Permissions",https://knowledge.hubspot.com/ads/disconnect-your-linkedin-ads-account,Learn how to disconnect your LinkedIn Ads account from HubSpot.
DAT-USE-112,Track and log emails with the HubSpot Sales Outlook desktop add-in,"Users, Teams & Permissions",https://knowledge.hubspot.com/connected-email/track-and-log-emails-with-the-hubspot-sales-outlook-desktop-add-in,"Learn how to track and log emails using the HubSpot Sales Outlook desktop add-in, which is currently in maintenance mode and no longer being developed.… checkbox will not log a copy of the email to the record in HubSpot. Please note: if you've turned on data privacy settings in your account, the HubSpot Sales Outlook add-in will not track email opens and clicks for contacts who have not provided a lawful basis for data processing. Learn more about..."
DAT-SEC-113,Set up and use the HubSpot connector for Claude,Security & Compliance,https://knowledge.hubspot.com/integrations/set-up-and-use-the-hubspot-connector-for-claude,"Learn how to set up and use the HubSpot connector for Claude to integrate CRM data for customized AI insights and actions, helping marketing, sales, support, and customer success.… stages, contact information) - Logging notes on records. Creating tasks and follow-ups. When using these write capabilities, Claude may show you the proposed changes before execution. All actions are attributed in your HubSpot account's Audit Log to both the user and the Claude connector… in the HubSpot connector for Claude, attribution will be recorded in your <…..."
DAT-SEC-114,Download the domain audit log,Security & Compliance,https://knowledge.hubspot.com/domains-and-urls/download-the-domain-audit-log,"Learn how to download and use the domain audit log to track domain changes and activity history.… is required. Data collection begins on Aug. 19th, 2025. Previous changes aren't viewable in the audit log. Domain changes and activity history include data from the past 90 days. Download the domain audit log In your HubSpot account, click the settings icon in the top navigation bar. In the left sidebar..."
DAT-SEC-115,Log in to HubSpot,Security & Compliance,https://knowledge.hubspot.com/account-management/log-in-to-hubspot,"Learn how to log in to HubSpot and how to troubleshoot being unable to log in.… You can log in to HubSpot using several authentication methods, including a password, passkeys, Google, Microsoft, Apple, or single sign-on, depending on what’s turned on in your account. These options help you access your account securely and use the login method that best fits your organization’s… in to HubSpot To log in: In your browser, go to…..."
DAT-SEC-116,Set up single sign-on (SSO),Security & Compliance,https://knowledge.hubspot.com/account-security/set-up-single-sign-on-sso,Learn how to set up single sign-on (SSO) for your HubSpot users.… in to HubSpot using their SSO credentials. Permissions required Super Admin permissions are required to set up or edit single sign-on. General setup The SSO setup process should be done by an IT administrator with experience creating applications in your identity provider account. Log in to your identity...
DAT-SEC-117,Configure approved 2FA methods for users,Security & Compliance,https://knowledge.hubspot.com/account-security/configure-allowed-2fa-methods-for-users,"Configure allowed 2FA methods for HubSpot users to enhance security. Learn how Super Admins can manage and set up 2FA methods effectively.… Configure which two-factor authentication (2FA) methods your team can use when logging in to your HubSpot account. Standardizing 2FA methods helps align login requirements with your organization's security policies. For example, you can require users to log in using an authenticator app (e.g… , Google Authenticator) instead of SMS-based 2FA. Learn more about improving your account security with login and password best practices. Permissions required Super Admin…..."
DAT-SEC-118,Configure buyer intent,Security & Compliance,https://knowledge.hubspot.com/reports/configure-buyer-intent,"to install a cookie consent banner. A cookie consent banner allows visitors to opt in or opt out of being tracked in your HubSpot account with cookies. This feature works for all HubSpot pages as well as any external pages with your HubSpot tracking code installed. See below for more resources on how HubSpot enables customers to comply with data protection laws. GDPR Compliance CCPA Compliance… Learn how to set up buyer intent to define your target market, intent criteria, and confirm that your HubSpot tracking code has been installed and is successfully firing on your website (BETA..."
DAT-SEC-119,Use compliance copy emails,Security & Compliance,https://knowledge.hubspot.com/marketing-email/set-up-a-compliance-copy-email,"Learn more about setting up a compliance copy email to send whenever marketing emails are sent.… With compliance copy email, you can automatically send BCCs of all outgoing marketing emails to a designated email address. This allows you to keep records of your outgoing messages in one place for compliance purposes. Understand limitations and considerations When you send a marketing email… A separate compliance copy email will be sent for each unique recipient. This can result in a higher volume of emails than some email providers support. Any compliance copy emails sent count towards your email send…..."
DAT-SEC-120,Track legal basis of processing in HubSpot,Security & Compliance,https://knowledge.hubspot.com/contacts/how-can-i-track-lawful-basis-of-processing-in-hubspot,"Learn how to track legal basis of processing for contacts in HubSpot in compliance with GDPR and other data privacy laws.… Under the General Data Protection Regulation (GDPR) and other data privacy laws, companies need a legal reason to use and process contact data and must keep records of consent and evidence of other legal purposes of processing. The contact property Legal basis for processing contact's data helps… you collect, track, and store legal basis of processing via contract, legitimate interest, and consent for your HubSpot contacts. According to the GDPR, businesses are required to have at least one legal basis as a valid reason for processing…… ..."
DAT-POR-121,Associate assets with Brands,Portal Architecture,https://knowledge.hubspot.com/branding/associate-assets-with-brands,"Learn how to associate assets such as forms, emails, and more with business units.… to keep brand-specific assets organized in your HubSpot account. After setting up Brands, assign assets like brand domains, forms, pages, and ad accounts to the appropriate Brand so each team can manage the right assets in one place. Learn how to associate records with Brands. Before you get started..."
DAT-POR-122,Create assets with campaign assistant,Portal Architecture,https://knowledge.hubspot.com/campaigns/campaign-assistant,"Learn how to create assets such as emails or landing pages for marketing using campaign assistant.… for a Google Search Ad. Facebook Ad: generate copy for a Facebook Ad. LinkedIn Ad: generate copy for a Facebook Ad. At the bottom, click Next or Sign up for free. If you're creating an asset with campaign assistant for the first time: In the What is your campaign about? field, enter a description of your… This will copy all versions of the generated ad content into your clipboard. For landing pages or marketing emails, in the top right, click Create [asset type]. This will automatically create a new landing page or email with the generated copy in your HubSpot account. To generate more content, in the left..."
DAT-POR-123,Prepare HubSpot assets for a company rebrand,Portal Architecture,https://knowledge.hubspot.com/branding/prepare-hubspot-assets-for-a-company-rebrand,"When you set up your company branding or undertake a company rebranding, ensure your HubSpot settings are correctly updated… When you update your company’s brand or launch a rebrand, you’ll need to review multiple assets and settings across your HubSpot account. Use this guide to identify which assets apply to your rebrand. For example, if you’re changing your company’s domain, you may need to update connected domains..."
DAT-POR-124,Limit access to your HubSpot assets,Portal Architecture,https://knowledge.hubspot.com/account-security/limit-access-to-your-hubspot-assets,"Manage access to content, data, and more so only the right teams and users can view and edit them. This can be helpful if you want to keep your assets separated by department or team. It also helps your users stay focused and organized. Asset name Hub Marketing Hub Sales Hub Service Hub Content Hub… subscription is required to set default permissions for marketing content. By default, newly created marketing assets are accessible to all users with permissions for the asset. However, you may want to only allow specific users or teams to create or edit assets. In your account settings, you can automatically… limit access to newly created marketing assets so that only the asset creator and their team can view and edit…..."
DAT-POR-125,Add comments to your HubSpot assets,Portal Architecture,https://knowledge.hubspot.com/campaigns/add-comments-to-your-hubspot-assets,"Learn how to add comments to your different HubSpot assets.… to collaborate with your team and ask for feedback. Use the collaboration sidebar to add comments to your HubSpot assets. You can also comment directly in conversations or on CRM records. When a comment is added, a notification email is usually sent to the asset owner and any users or teams… mentioned in the comment. Learn more about comment notification emails. Please note: when adding comments to specific assets, you cannot @mention users that do not have user permissions to access the asset. Before you get started The tools that you can comment on depend on your HubSpot subscription: Asset"
DAT-POR-126,Understand marketing contacts billing,Portal Architecture,https://knowledge.hubspot.com/account/understand-marketing-contacts-billing,Learn how marketing contacts impacts your billing and how to manage your marketing contacts.
DAT-POR-127,Set contacts as non-marketing,Portal Architecture,https://knowledge.hubspot.com/records/set-contacts-as-non-marketing,Learn how to set your contacts as non-marketing and their impact on your billable contact tier and marketing tools.
DAT-POR-128,Import records for a single object,Portal Architecture,https://knowledge.hubspot.com/import-and-export/import-records-for-a-single-object,"as marketing so they can be used in marketing tools (e.g., marketing email). Learn more about marketing contacts billing. Enrich records: enrich your business email contacts or companies with a valid domain name with Breeze. Learn more about what properties are enriched. Date and time format: if you're… on the object: Create a contact segment: automatically create a segment of the imported contacts. Legal basis for processing…..."
DAT-POR-129,Understand marketing contacts,Portal Architecture,https://knowledge.hubspot.com/records/marketing-contacts,Learn how to manage the number of contacts that count towards your contact tier and can work with your email marketing and ad targeting tools in HubSpot.
DAT-POR-130,Import records for multiple objects,Portal Architecture,https://knowledge.hubspot.com/import-and-export/import-objects,Create marketing contacts: select the Set this contact as a marketing contact checkbox so they can be used in marketing tools such as marketing email. Learn more about marketing contacts billing . Enrich records: select the Enrich records checkbox to enrich contacts and companies with HubSpot… for an English property to match. Click Next. Ensure you’ve mapped the…...
DAT-POR-131,Manage user properties and preferences,Portal Architecture,https://knowledge.hubspot.com/user-management/manage-user-properties-and-preferences,"Manage user properties and preferences on a user record in your account settings.… You can view, customize, and manage user properties and preferences for every user in your HubSpot account. Managing user properties and preferences is essential for setting up organizational structure and ensuring proper feature access. For example, you can assign a user to a team..."
DAT-POR-132,Manage call settings and preferences,Portal Architecture,https://knowledge.hubspot.com/calling/manage-call-settings-and-preferences,"After you configure your phone numbers, you can manage different call settings and preferences.… After you configure your phone numbers, you can set up the following: Add minutes Turn on Call Recording and Transcription and Analysis Customize recording consent message Require call outcome logs Block phone numbers Turn off calling Add more minutes Subscription required A Sales Hub or Service Hub..."
DAT-POR-133,Manage user preferences with presets,Portal Architecture,https://knowledge.hubspot.com/user-management/manage-user-preferences-with-user-groups,"Learn how to manage user preferences such as the default dashboard, language, and email signature with presets.… With presets, Super Admins can set up default preferences in their HubSpot account so that users don't have to set them up individually. For example, you can set up the default dashboard, language, and email signature for a group of users. Users can later change their preferences individually..."
DAT-POR-134,Manage your user profile and preferences,Portal Architecture,https://knowledge.hubspot.com/user-management/profile-and-preferences,"Learn how to manage your user profile and preferences, such as your user name, time zone, language, CRM email signature and unsubscribe link, and chat widget meetings link.… In your HubSpot account, you can manage personal preferences that apply only to your user, such as your language and formatting settings, phone number, and time zone. These settings control how HubSpot appears and behaves for you. Some commonly related settings are managed in other areas of HubSpot..."
LEA-TRA-135,Install the HubSpot tracking code,Tracking & Source Capture,https://knowledge.hubspot.com/reports/install-the-hubspot-tracking-code,"If you're not hosting your entire website with HubSpot, learn how to install the tracking code on your website following the instructions specific to your website host.… Summary The HubSpot tracking code is unique to each HubSpot account and allows HubSpot to monitor your website traffic. The tracking code is…..."
LEA-TRA-136,Data collected by the HubSpot tracking code,Tracking & Source Capture,https://knowledge.hubspot.com/reports/data-collected-by-the-hubspot-tracking-code,"Learn what data is collected with the HubSpot tracking code and how that data is used.… The HubSpot tracking code collects visitor data, such as website activity data, IP addresses, and other online identifiers for uses such as monitoring your website traffic. The HubSpot tracking code is required to use buyer intent, so you can discover which companies are visiting…… ..."
LEA-TRA-137,Cookies set in your visitor's browser by HubSpot,Tracking & Source Capture,https://knowledge.hubspot.com/privacy-and-consent/what-cookies-does-hubspot-set-in-a-visitor-s-browser,"Learn about the cookies the HubSpot tracking code sets in a visitor's browser.… If you host your website by HubSpot or have installed the HubSpot tracking code, the cookies below may be set on your visitors' browsers, depending on your site's setup. You can learn more about the cookies set by HubSpot by reading below. Please note: if you're visiting your own site to test your..."
LEA-TRA-138,Troubleshoot the HubSpot tracking code,Tracking & Source Capture,https://knowledge.hubspot.com/reports/how-do-i-know-if-my-hubspot-tracking-code-is-working,"If you're not seeing any website traffic data, verify that the tracking code has been installed and that it's firing correctly.… In the dropdown menu, select View page source or View source. Use Ctrl + F or Cmd + F and search for [your Hub ID].js (e.g., 401264.js). Please note: you may see the HubSpot Embed Code or Async HubSpot Analytics Code. These are both HubSpot tracking codes and indicate that your tracking code has been..."
LEA-TRA-139,Troubleshoot ad tracking issues,Tracking & Source Capture,https://knowledge.hubspot.com/ads/troubleshoot-ad-tracking-issues,"Learn how to troubleshoot common tracking issues when using the HubSpot Ads tool.… The HubSpot tracking template has been edited This error appears when the tracking template in your Google Ads account or campaign settings does not start with {lpurl}. This issue can occur when external click tracking services, such as Clickserve, automatically updates the tracking template… To resolve this issue: Turn off HubSpot's auto-tracking for that account: In your HubSpot account, click the…..."
LEA-TRA-140,Troubleshoot externally embedded HubSpot forms,Tracking & Source Capture,https://knowledge.hubspot.com/forms/why-doesn-t-my-externally-embedded-hubspot-form-work,"If the HubSpot form you've embedded on an external page isn't working, is getting cut off, or doesn't look correct, confirm that the embed code on your external page is correct.… If the HubSpot form you've embedded on an external page isn't working or appearing correctly, learn about the most common form embed issues and how to troubleshoot them. Confirm the HubSpot tracking code To use HubSpot forms on your external site, you must have the HubSpot tracking code installed… on the external page where you place your form. To confirm that the…… ..."
LEA-TRA-141,Troubleshoot chat widget not appearing on website pages,Tracking & Source Capture,https://knowledge.hubspot.com/chatflows/chat-widget-is-not-appearing-on-your-pages,"Ensure that the chat widget embed code has been installed, that the website URLs for your widget are set up correctly, and that you've selected the correct target audience.… When you set up a live chat or rule-based chatbot, the chat widget may not appear on the expected website pages or for the intended contacts. Use the steps below to identify and resolve the most common causes of a missing chat widget. Make sure the tracking code is installed If you're adding..."
LEA-TRA-142,Set up site tracking in HubSpot,Tracking & Source Capture,https://knowledge.hubspot.com/reports/set-up-sources-tracking,"Customize how you're tracking your website analytics.… Once you've installed the HubSpot tracking code, you may need to do some additional setup to ensure that HubSpot gathers analytics for all of the domains and subdomains on your website. Some of this data will be displayed in your reports and analytics tools. Apart from setting up your site tracking"
LEA-TRA-143,More direct traffic in sources report than expected,Tracking & Source Capture,https://knowledge.hubspot.com/reports/why-do-i-have-more-direct-traffic-than-expected,"your site tracking settings, HubSpot won't have the same ability to categorize consecutive sessions between your tracked domains. Source tracking in HubSpot emails may be disabled. If Add source tracking tags to all URLs is not selected, tracking parameters will not be added to links in HubSpot… has been disabled on the form. The visitor who submitted the form has opted to not accept cookies from your site or ignored the banner completely. They must click Accept. Possible reasons why direct traffic may be higher than expected Cookies are not…..."
LEA-TRA-144,Report on performance,Tracking & Source Capture,https://knowledge.hubspot.com/get-started/report-on-performance,"the tracking code to gather data from those pages. If you have websites across multiple domains, set up cross-domain site tracking and create separate analytics views. To forecast revenue across your sales team, set up pipeline categories and sales revenue goals. Install the HubSpot tracking code… tool (Sales Hub Professional and Enterprise) Create service reports with the service analytics tool (Service Hub Professional and Enterprise) Analyze your site traffic with the traffic analytics tool (Marketing Hub and Content Hub Professional and Enterprise only) Analyze contacts with the contact..."
LEA-TRA-145,Tracking URL sessions are not appearing in your traffic analytics,Tracking & Source Capture,https://knowledge.hubspot.com/reports/why-are-tracking-url-sessions-not-appearing-in-the-sources-report,"If you are not seeing sessions from your tracking URL, there are few things to check to make sure you're capturing this information in the sources report.… If tracking URL sessions are not showing up on the Sources tab in your traffic analytics as expected, verify the following: Sessions will only appear in the sources report if the tracking URL has been viewed at least once during the time frame of the current view. Click on the dropdown at the top..."
LEA-TRA-146,Ad tracking in HubSpot,Tracking & Source Capture,https://knowledge.hubspot.com/ads/ad-tracking-in-hubspot,"Learn how to set up ad tracking in HubSpot, and how HubSpot tracks which ads your contacts are clicking and converting on.… be tracked. Leads who submit Lead Gen Forms on any ad type will sync to HubSpot, even if the ad type is not trackable. Carousel image ads can be tracked. If you edit the name of an ad campaign, the utm_campaign value in HubSpot's tracking template will not automatically update. HubSpot will continue… By default, HubSpot's tracking template includes utm parameters to match HubSpot's traffic analytics. If you want to override the utm_source or utm_medium parameters to match a…..."
LEA-TRA-147,Create tracking URLs,Tracking & Source Capture,https://knowledge.hubspot.com/settings/how-do-i-create-a-tracking-url,"Learn how to create, use, and analyze tracking URLs, which add parameters to your URLs and allow you to effectively track engagements with your marketing campaigns.… tracking a URL because the campaign name is used in several reports in HubSpot. Visits to the tracking URL will be attributed to this campaign in the sources report and will count towards the analytics for the campaign in the campaigns tool. Click the Source dropdown menu and select the source for your… Summary Use tracking URLs to measure the effectiveness of your marketing…..."
LEA-CON-148,Non-HubSpot forms | Frequently Asked Questions,Conversion Tools,https://knowledge.hubspot.com/forms/non-hubspot-forms-faq,"Find answers and general information quickly about non-HubSpot forms in HubSpot.… Find answers and general information quickly about the non-HubSpot forms tool in HubSpot. Non-HubSpot forms FAQ How do non-HubSpot forms work? When the HubSpot tracking code is installed and the non-HubSpot forms setting is turned on, HubSpot will track visitors to your site with a cookie. When… the tracking code fires on each page load, HubSpot will scan the page for any supported forms. If someone submits a non-HubSpot form, HubSpot will associate the tracked…..."
LEA-CON-149,Report on forms using the custom report builder,Conversion Tools,https://knowledge.hubspot.com/forms/report-on-forms-using-the-custom-report-builder,"Learn how to create reports for forms using the custom report builder.… Use the custom report builder to analyze form performance and track how contacts engage with your forms. Create reports to track form conversion rates and filter data by specific forms, pages, or date ranges to help you identify which forms generate the most leads and where to optimize conversion..."
LEA-CON-150,Forms | Frequently Asked Questions,Conversion Tools,https://knowledge.hubspot.com/forms/forms-faq,"Find answers and general information quickly about the forms tool in HubSpot.… Find answers and general information quickly about the forms tool in HubSpot. Learn more about troubleshooting HubSpot forms. Form behavior What field validation is on HubSpot forms? When a visitor enters their email address into a form’s default Email field, the following is validated: Formatting..."
LEA-CON-151,Organize and manage forms,Conversion Tools,https://knowledge.hubspot.com/forms/manage-your-forms,"Learn how to organize, filter, delete, clone, or export your HubSpot forms.… As you create forms, you can organize them into views or folders to help you stay organized. For example, you can create a custom view to display registration forms created this month, or create a folder based on the form's marketing campaign. On the form index page, you can also manage your forms"
LEA-CON-152,Pop-up forms (legacy) | Frequently Asked Questions,Conversion Tools,https://knowledge.hubspot.com/forms/pop-up-forms-faq,"Find answers and general information quickly about the pop-up forms tool in HubSpot.… Find answers and general information quickly about the pop-up forms tool in HubSpot. Pop-up forms sunset FAQ Will my pop-up forms be unpublished? Yes, existing pop-up forms will be unpublished on or after Aug. 15, 2025. Will my pop-up forms still collect submissions? No, pop up forms will no longer..."
LEA-CON-153,Set up and style forms on HubSpot pages,Conversion Tools,https://knowledge.hubspot.com/forms/set-up-and-style-forms-on-hubspot-pages,"Learn how to style forms on your HubSpot pages with the form module style options in the content editor.… up your forms on a HubSpot page, note the following: Settings and styling changes will only apply to the form module on the selected page. Any setting and styling changes made will not affect your form on other pages. Updating form content such as form fields will update the form on all other pages… Including any embedded forms or standalone form pages. Set up your form on a HubSpot page Navigate to your content: Website Pages: In your HubSpot account, click More, then navigate to Content > Website Pages. If More doesn't appear in your account, navigate to Content > Website Pages directly… Click Actions. Then,…..."
LEA-CON-154,Transfer pages between website and landing pages,Conversion Tools,https://knowledge.hubspot.com/website-pages/move-pages-between-the-website-and-landing-page-dashboards,Learn more about transferring pages between your website and landing pages.
LEA-CON-155,Create and customize pages,Conversion Tools,https://knowledge.hubspot.com/website-and-landing-pages/create-and-customize-pages,"Learn to create website and landing pages using HubSpot's tools, including generated landing pages with HubSpot's AI tools. Customize page details like meta description and URL.… Create website and landing pages for your site to build an online presence and drive your marketing efforts. Generate personalized pages using HubSpot's AI by entering a prompt describing your page's purpose, goal for visitors, and Ideal Customer Profiles (ICP). Customize page content and settings..."
LEA-CON-156,Set up single sign-on (SSO) to access private content,Conversion Tools,https://knowledge.hubspot.com/website-pages/set-up-single-sign-on-sso-to-access-private-content,"Learn how to set up single sign-on (SSO) to allow private access to your blogs, landing pages, website pages, and knowledge base articles.… for blogs, landing pages, and website pages. Service Hub Professional and Enterprise accounts can set up SSO for knowledge base articles and customer portals. Notification emails and login pages for private content that require SSO will be handled by your identity provider account, rather than your… application and specific segment memberships.…… ..."
LEA-CON-157,Password protect a page,Conversion Tools,https://knowledge.hubspot.com/website-pages/password-protect-a-page,"Learn how to password protect your website and landing pages to limit access to visitors with the password.… Require visitors to enter a password to access a landing page or website page. The appearance of the password prompt page is set by its template, which can be accessed from your website settings. Before you get started Before you password protect landing pages or website pages, review..."
LEA-CON-158,CTAs (legacy) | Frequently Asked Questions,Conversion Tools,https://knowledge.hubspot.com/ctas/calls-to-action-frequently-asked-questions,"Find answers and general information quickly about calls-to-action (CTAs) in HubSpot.… Find answers and general information quickly about legacy calls-to-action (CTAs) in HubSpot. Please note: accounts created after March 17th, 2025, do not have access to the CTA (legacy) tool. You can upload your PDF to the files tool then add it directly to your CTA. When working with PDFs, most… > Files. If More doesn't appear in your account, navigate to Content > Files directly. Locate and click the name of your PDF. Set your PDF's File URL visibility to Public or Public - noindex. After you've uploaded your PDF, navigate to Marketing > CTAs. In the top left, click the dropdown menu and select..."
LEA-CON-159,Manage your calls-to-action (CTAs),Conversion Tools,https://knowledge.hubspot.com/ctas/manage-your-ctas,"Learn how to review and manage your CTAs.… Review and manage your CTAs from your CTA index page. You can create and save views, take action on specific CTAs, and export your CTA data. Review your CTAs From the Manage tab, the following information and metrics are available in the forms dashboard: In your HubSpot account, click More… Then navigate to Marketing > CTAs. If More doesn't appear in your account, navigate to Marketing > CTAs directly. On the CTAs dashboard, you can find a…… ..."
LEA-CON-160,Set a priority for chatflows,Conversion Tools,https://knowledge.hubspot.com/chatflows/set-a-priority-for-your-chatflows,"Please note: the chatflow priority doesn't check team availability when deciding which chatflow to display. Learn how to create a bot using the Offline bot template that can take over for your team outside of business hours. Set priority for chatflows In your HubSpot account, click More… Then navigate to Service > Chatflows. If More doesn't appear in your account, navigate to Service > Chatflows directly. You'll see each chatflow's priority listed in the left column. You can reorder chatflows by entering a custom priority value or by manually rearranging them in the list. To reorder manually..."
LEA-CON-161,Understand targeting rules in CTAs and chatflows,Conversion Tools,https://knowledge.hubspot.com/forms/use-targeting-rules-in-ctas-and-chatflows,"rules. Access targeting settings for chatflows In your HubSpot account, click More, then navigate to Service > Chatflows. If More doesn't appear in your account, navigate to Service > Chatflows directly. Hover over the chatflow and click Edit. At the top, click the Target tab. Continue setting up… : the number of analytics sessions the visitor has had on your website. Page visited: if the visitor previously visited a specific page URL. Referral URL: if the visitor was linked to your website from a specific page URL. And/or logic in CTAs or chatflows You can have multiple different targeting rules..."
LEA-CON-162,Customize confirmation emails for meeting scheduling pages,Conversion Tools,https://knowledge.hubspot.com/customize-confirmation-emails-for-meeting-scheduling-pages,"Customize the subject line and content of the confirmation emails that get sent when contacts book meetings through a scheduling page.… email to help the contact understand what to expect from the meeting they booked. You can customize the confirmation email when editing existing scheduling pages or when creating new scheduling pages. In your HubSpot account, click More, then navigate to Sales > Meetings Scheduler. If More doesn't… appear in your account, navigate to Sales > Meetings Scheduler directly. Choose the meeting whose confirmation…..."
LEA-CON-163,Customize connected calendar and meeting scheduling page settings,Conversion Tools,https://knowledge.hubspot.com/meeting-tool/customize-connected-calendar-and-meeting-scheduling-page-settings,"Once you've connected your calendar, learn how to adjust your settings for the calendar and your meeting scheduling pages.… to your meetings tool settings, click Save. Learn how to create or edit a scheduling page, share it with your contacts, and customize connected calendar and meeting scheduling page settings."
LEA-CON-164,"Redirect a form to a meeting scheduling page, HubSpot page, or external URL (legacy)",Conversion Tools,https://knowledge.hubspot.com/forms/redirect-a-form-to-a-meeting-scheduling-page,"Learn how to redirect your form to a meeting scheduling page.… For forms built using the legacy editor, after form submission, you can redirect visitors to a specific meeting scheduling page, or conditionally redirect visitors to different meeting scheduling pages, HubSpot pages, or external URLs based on their form submissions. If the Pre-populate with known… values setting is turned on for the scheduling page, submitted form fields will automatically be populated. For example, if…… ..."
LEA-EMA-165,Save marketing emails as templates,Email Marketing,https://knowledge.hubspot.com/marketing-email/save-marketing-emails-as-templates,Learn how you can manage and edit your existing marketing email templates.… Although they aren't supported for blog and RSS emails. This article covers saving marketing emails as templates. Learn more about creating and sending sales emails using templates. Permissions required Super Admin or Design tools permissions are required to manage marketing email templates. Save...
LEA-EMA-166,Analyze marketing email recipients,Email Marketing,https://knowledge.hubspot.com/marketing-email/analyze-marketing-email-recipients,"Learn more about analyzing marketing email events for different recipients.… for specific recipients. Learn more about analyzing a marketing email's general performance. Understand limitations and considerations Contacts who record a Bounced, Unsubscribed, or Spam report event for this email will not be sent future marketing emails. Contacts who can't be sent an email due..."
LEA-EMA-167,Review and decrease the size of marketing emails,Email Marketing,https://knowledge.hubspot.com/marketing-email/review-and-decrease-the-size-of-marketing-emails,"Learn more about reducing the size of your marketing emails to avoid clipping.… under Gmail's clipping threshold of 102 KB. Estimated size is calculated using the size of the email's HTML markup and will include links, formatting, and images. Review a marketing email's size In your HubSpot account, click More, then navigate to Marketing > Email. If More doesn't appear in your..."
LEA-EMA-168,Create marketing emails in multiple languages,Email Marketing,https://knowledge.hubspot.com/marketing-email/create-marketing-emails-in-multiple-languages,"Learn how to create marketing email content in multiple languages.… as the default content of default HubSpot modules, will match the language set for the marketing email. If you have a Marketing Hub Professional or Enterprise account, you can use Breeze, powered by DeepL to create translations for marketing emails in most HubSpot-supported languages. Please note: you can… into default content-creation languages. Multi-language variations can only be translated automatically into…..."
LEA-EMA-169,Analyze marketing email performance,Email Marketing,https://knowledge.hubspot.com/marketing-email/analyze-your-marketing-email-campaign-performance,Understand the metrics in the Performance and Email tabs of your marketing email performance page.
LEA-EMA-170,Exclude specific segments or contacts from receiving a marketing email,Email Marketing,https://knowledge.hubspot.com/marketing-email/exclude-specific-lists-or-contacts-from-receiving-a-marketing-email,"Learn how to exclude contacts and segments from your marketing email send.… When you select recipients for a marketing email, you can exclude specific contacts or segments from receiving the email. This can be helpful for ensuring that marketing emails only reach contacts who will benefit from receiving them. This article covers excluding contacts and segments by selecting… them in the Don't send to menu. Learn more about excluding unengaged contacts. Understand limitations and…..."
LEA-CAM-171,Manage campaigns in Marketing Studio,Campaign Management,https://knowledge.hubspot.com/campaigns/manage-campaigns-in-marketing-studio,"Learn how to create and manage campaigns in Marketing Studio (BETA).… After creating your campaign in Marketing Studio, you can export your campaign details, view and filter your campaigns, clone a campaign and its assets, or delete a campaign altogether. Manage and review your campaigns in Marketing Studio In your HubSpot account, navigate to Marketing > Marketing… like to compare. Then, at the top of the table, click Compare campaigns. To review your campaigns in either a calendar…..."
LEA-CAM-172,Create campaigns using Marketing Studio,Campaign Management,https://knowledge.hubspot.com/campaigns/create-campaigns-using-marketing-studio,"Learn how to create and manage campaigns in Marketing Studio (BETA).… This option will be greyed out . Additional resources For more resources on using Marketing Studio, refer to these articles: Manage your campaign settings in Marketing Studio Review your campaign performance in Marketing Studio Manage campaigns in Marketing Studio Create and add marketing events in Marketing Studio..."
LEA-CAM-173,Manage your campaign properties,Campaign Management,https://knowledge.hubspot.com/campaigns/campaign-properties,"Learn how to create and use campaign properties with HubSpot's campaigns tool.… Create custom campaign properties to store information and manage your campaigns in a way that best fits your team. You can also use campaign properties to organize, group, and report on campaign data. Please note: you must have Edit property settings permissions to create or edit campaign..."
LEA-CAM-174,Connect your Facebook ad account to HubSpot,Campaign Management,https://knowledge.hubspot.com/ads/connect-your-facebook-ads-account-to-hubspot,"Learn how to connect your Facebook ad account to HubSpot to create and manage your Facebook ads in HubSpot's ads tool.… to create and manage your Facebook ads in the HubSpot ads tool. Before you get started, review the requirements below to connect your account. Once you connect your account, HubSpot will display and report on all existing ad campaigns in that account. Facebook ad account connection requirements..."
LEA-CAM-175,Create Facebook ad campaigns in HubSpot,Campaign Management,https://knowledge.hubspot.com/ads/create-facebook-and-linkedin-lead-ads-in-hubspot,"Learn how to create and automate Facebook and LinkedIn ad campaigns in HubSpot.… and Conditions. Please note: this action must be taken by the Primary Connected User for your Facebook Ad Account. If the Primary Connected User is not in a position to accept these terms, it is possible to make another user to manage ad campaigns in HubSpot. This allows you to switch the Primary… After connecting your Facebook ad account to HubSpot, you can create lead ads and website traffic ads through the HubSpot ads tool. You can also create Facebook ad sequences to deliver a series of ad campaigns. If you've connected a LinkedIn ad account or Google Ads account, you can…… ..."
LEA-CAM-176,Allow multiple users to manage and create ad campaigns for your ad accounts,Campaign Management,https://knowledge.hubspot.com/ads/allow-multiple-users-to-manage-your-facebook-linkedin-and-google-ads-accounts,"After you've connected your Facebook, LinkedIn, or Google Ads account to HubSpot, you can connect additional users from your HubSpot account, which will allow them to manage and create ad campaigns. You can also switch the primary user for the ad account to control which user is authorized… that are currently connected and have access to manage and create ad campaigns for the account. If you're logged in as a different HubSpot user from the original user who connected the ad account, you can connect your own user account to HubSpot, as long as your account has all the required..."
LEA-CAM-177,Use AI assistants to create ad campaigns,Campaign Management,https://knowledge.hubspot.com/ads/use-hubspots-ai-assistants-to-create-ad-campaigns,"Learn how to use HubSpot's AI content assistant to generate copy for your engagement, website visit, lead generation, and search ad campaigns.… Click Insert. Continue setting up your Facebook or LinkedIn ad. Use AI assistants to create Google search ads To use AI assistants to create Google search ad campaigns: In your HubSpot account, click More, then navigate to Marketing > Ads. If More doesn't appear in your account, navigate to Marketing..."
LEA-CAM-178,Report on campaigns using the custom report builder,Campaign Management,https://knowledge.hubspot.com/campaigns/report-on-campaigns-using-the-custom-report-builder,"Learn how to create reports to analyze your campaign's performance in the custom report builder.… details and description. Click and drag fields from the left sidebar into the channel slots in the Configure tab, or click Actions, then select Add to [X]. After adding your campaign properties, continue setting up your custom report. Properties available When building your report, you can add… default or custom campaign properties. You can also use properties from events associated with…..."
LEA-CAM-179,Manage your campaign settings in Marketing Studio,Campaign Management,https://knowledge.hubspot.com/campaigns/manage-your-campaign-settings-in-marketing-studio,"Learn how to manage your campaign settings in Marketing Studio (BETA).… From your campaign settings in Marketing Studio, you can update your campaign properties, UTM and tracking URLs, user and team access, and canvas settings. You can also export, clone, or delete the campaign. Navigate to your campaign settings and other campaigns After setting up your campaign"
LEA-CAM-180,Analyze campaigns,Campaign Management,https://knowledge.hubspot.com/campaigns/analyze-overall-campaigns,Learn how to use the campaign analytics tool to measure the effectiveness of the marketing campaigns you've created in HubSpot.
LEA-CAM-181,Optimize content and improve brand visibility for AI,Campaign Management,https://knowledge.hubspot.com/ai/optimize-content-and-improve-brand-visibility-for-ai,"have any existing content: use Breeze Assistant to generate new content. When generating content for the first time, use Marketing Studio to create a high-level overview of your content to ensure alignment across channels and consistency with your brand messaging. You'll also be able to use campaign… templates to get started with content ideas. If you have existing content: use Breeze Assistant to review your written content such as pages and social posts, then generate recommendations to improve AEO. For example, you could use this prompt: 'Review the content in this page and optimize… If you don't have any existing content: use Breeze Assistant to generate new content . When generating content for the first time, use Marketing Studio to create a high-level overview of…..."
LEA-CAM-182,Migrate legacy quote templates to Revenue Hub quote templates,Campaign Management,https://knowledge.hubspot.com/quotes/migrate-legacy-quote-templates-to-revenue-hub-quotes,"Migrate legacy quote templates to Revenue Hub quote templates. Understand requirements, steps to migrate, and recommendations before using migrated quote templates.… If you're using legacy quote templates, you can migrate them to Revenue Hub quote templates, preventing the need to create them from scratch. The migration tool creates new editable quote templates and generates a migration report showing which content and properties migrated successfully. Before..."
LEA-CAM-183,Use the campaign goals tracker,Campaign Management,https://knowledge.hubspot.com/campaigns/use-the-campaign-goals-tracker,"Learn more about creating campaign goals to measure the success of your HubSpot campaigns (BETA).… Use campaign goals to set, track, and manage goals for your campaigns in HubSpot. For example, you can set a goal to generate 50 new leads per month for this year. Then, monitor if the goal has been met each month. Understand campaign goals After creating a campaign, you…..."
LEA-CAM-184,Analyze campaign performance in Marketing Studio,Campaign Management,https://knowledge.hubspot.com/campaigns/analyze-campaign-performance,"Learn how to analyze your campaign performance in marketing studio (BETA).… the campaign goals tracker. Website traffic: review the sessions, new contacts (first touch), and new contacts (last touch) metrics for by campaign. Total influenced contacts: review the count of influenced contacts generated by the select campaigns. Influenced contacts over time: review count of influenced… Analyze your campaign performance to measure the overall effectiveness of your campaigns. Instead of navigating between tools and different pages, analyze a comprehensive overview of data across your different campaigns…..."
LEA-CAM-185,Analyze individual campaign performance,Campaign Management,https://knowledge.hubspot.com/campaigns/analyze-campaigns,Learn how to analyze the performance of your HubSpot campaigns to measure its effectiveness.… by network. Learn m-ore about different campaign metrics. Campaign goals: use the Total goal progress and Goal over time reports to measure the effectiveness and progress of a campaign's performance toward specific set goals. The metrics displayed in these report depend on the goals set when using...
LEA-CAM-186,Review the performance of multiple campaigns,Campaign Management,https://knowledge.hubspot.com/campaigns/review-the-performance-for-multiple-campaigns,"Learn how to review the performance for multiple campaigns at once (BETA).… By default, this will be set to Date range (This year). Attribution model: select the attribution model for your reports. By default, this will be set to Attribution model (Linear). Understand your multiple campaign reports You can review the following reports: Campaign goals: review the campaign goal… by a specific user, or review how different types of campaigns have performed. Please note: to access multi-campaign reporting from the campaigns tool, you'll need to…..."
LEA-CAM-187,Manage your campaign budget,Campaign Management,https://knowledge.hubspot.com/campaigns/manage-your-campaign-budget,"Keep track of your campaign's budget and spending with specific line items and budget metrics.… After setting up your campaign, it's important to keep track of your campaign's budget and spending. You can review itemized lists and amount totals for the campaign. By default, these values will be displayed in your selected campaign currency. The following metrics will also be available after..."
LEA-CAM-188,Create a custom marketing email report,Campaign Management,https://knowledge.hubspot.com/marketing-email/create-a-custom-marketing-email-report,"builder. Email campaign open rates by budget Overview: display how many people are opening marketing emails from different campaigns, broken down by campaign budget. Purpose: measure the effectiveness of your campaign budget allocations. Data sources: Marketing email analytics (primary), Marketing..."
LEA-CAM-189,Understand your campaign details page,Campaign Management,https://knowledge.hubspot.com/campaigns/campaign-details-page,"Learn how to understand your campaign details page.… From the campaign details page, you can get an overview of the campaign and associated assets. You can also review a campaign's performance, any associated campaign tasks, and keep track of your campaign's budget and spending. In your HubSpot account, click More, then navigate to Marketing..."
LEA-CAM-190,Manually associate CRM records with campaigns,Campaign Management,https://knowledge.hubspot.com/campaigns/manually-associate-crm-records-with-campaigns,"Learn how to manually associate CRM records such as contacts, deals, and tickets to campaigns from the object's index page, individual CRM records, using a workflow action, or from the campaigns tool (BETA)."
LEA-CAM-191,Associate forms with Salesforce campaigns,Campaign Management,https://knowledge.hubspot.com/forms/how-do-i-associate-a-form-with-a-salesforce-campaign,"If you have the HubSpot-Salesforce integration enabled, you can associate a form with a Salesforce campaign.… contacts with your Salesforce campaign. Associate a form on a HubSpot page with a Salesforce campaign After adding a form module to your HubSpot page, you can associate forms built in the legacy form editor and the updated form editor with Salesforce campaigns. To associate a form on a HubSpot page… If you have the…..."
LEA-CAM-192,Associate external website pages with a campaign,Campaign Management,https://knowledge.hubspot.com/campaigns/associate-external-pages-campaigns,"Learn how to associate external website pages with HubSpot campaigns.… If your website is not hosted on HubSpot, you can still add external website pages to a campaign from the campaign's details page. You can also add external website pages as a campaign step in a campaign template. You can then manage and report on the campaign with both HubSpot assets and your… recommended to install the HubSpot tracking code on the…..."
LEA-CAM-193,Create and sync ad conversion events with your TikTok account,Campaign Conversion,https://knowledge.hubspot.com/ads/create-and-sync-ad-conversion-events-with-your-tiktok-account,"—such as a contact’s lifecycle stage updating or a form submission. TikTok then uses these conversion insights to identify more prospects who resemble your highest-quality leads, strengthening ad targeting and improving campaign performance over time. Use case: Maximizing campaign ROI To achieve meaningful… with the precise feedback needed to identify and target high-value leads. This automated loop continuously sharpens ad targeting, directly turning engagement into predictable, high-ROI campaign performance. Create ad conversion events The number of ad conversion events you can create depends on…… ..."
LEA-CAM-194,Configure the calculation of ROI for paid ad campaigns,Campaign Conversion,https://knowledge.hubspot.com/ads/configure-the-calculation-of-roi-for-paid-ad-campaigns,"Learn how to configure the calculation of ROI for paid ad campaigns in HubSpot's ads tool.… settings. This option is recommended if you are using deals in HubSpot. To be included on your ads dashboard, the deal must meet both conditions: The deal must be marked as closed won. The deal must be associated with a contact who was attributed to your ad campaign. The contact must be in the HubSpot… Configure your ROI calculation to determine how exactly you want to measure the effectiveness of your paid ad campaigns within HubSpot. To configure the calculation of ROI for your paid ad campaigns: In your…..."
LEA-CAM-195,Use campaigns with workflows,Campaign Conversion,https://knowledge.hubspot.com/workflows/create-campaign-based-workflows,"Create campaign-based workflows to automate based on campaign-level data such as budget, revenue, and more. You can also set influenced contact event enrollment triggers to enroll a campaign's influenced contacts and automate your campaign processes. Example use-cases The following examples outline… the different ways you can use campaigns with workflows: Trigger alerts when a campaign overspends its budget. Create tasks based on campaign owner or team. Use Edit record workflow action to update your campaign details. Automatically follow up with influenced contacts using a series of automated..."
LEA-CAM-196,Understand your campaign metrics,Campaign Conversion,https://knowledge.hubspot.com/campaigns/understand-campaign-metrics,"And blog posts. The data does not include sessions from workflows, CTAs, or ad campaigns. Influenced contacts This metric measures the number of contacts that have engaged with assets related to a campaign. Generally, this will include both new and existing contacts. When filtering influenced… contacts by date range, do note that only net new contacts that were influenced in that date range will be included. For example, if…… ..."
LEA-CAM-197,Ads attribution in HubSpot,Campaign Conversion,https://knowledge.hubspot.com/ads/ads-attribution-in-hubspot,"Learn how ad conversions are calculated in HubSpot's ads tool, and how to filter your ad campaigns by attribution report to see how your ads are influencing your contacts across every stage of their customer journey.… and the HubSpot tracking cookie. Deal attribution For a deal to be attributed to your ad, the deal stage property must be set to Closed Won. The deal must also be associated with an attributed contact in the Total Contacts column of the ad campaign. The following is also required for attribution"
LEA-CAM-198,Review your campaign performance in Marketing Studio,Campaign Conversion,https://knowledge.hubspot.com/campaigns/review-your-campaign-performance-in-marketing-studio,"Learn how to review your campaign performance in Marketing Studio (BETA).… After creating your campaign in Marketing Studio, you can access and review your individual campaign performance from your campaign details page. You can also review the performance of individual campaign assets such as forms or marketing emails from directly within Marketing Studio. Review..."
LEA-CAM-199,Report on ad campaigns using the custom report builder,Campaign Conversion,https://knowledge.hubspot.com/ads/report-on-ad-campaigns-using-the-custom-report-builder,"Learn how to use the custom report builder to report on your ad campaign performance.… Analyze the performance of ad campaigns from your connected Google, Facebook, and LinkedIn ad accounts by creating reports using the custom report builder. You can use data provided by each of the ad networks, such as impressions, clicks, and amount spent, and break it down by each ad campaign… Ad performance properties When building a report, you can use the following ad campaign performance…..."
LEA-CON-200,Use content remix in the content editor and index pages,Content & Campaign Assets,https://knowledge.hubspot.com/website-and-landing-pages/use-ai-with-content-remix-in-the-content-editor-and-index-pages,"Use HubSpot's AI to create and remix content quickly using the content editor and index pages, improving your marketing efforts.… Use HubSpot's AI to generate new content from existing pages or posts in the content editor or content index pages. For example, you can remix an existing website page into an email to share important information from the page with your…..."
LEA-CON-201,Repurpose content with content remix,Content & Campaign Assets,https://knowledge.hubspot.com/blog/repurpose-content-using-ai-with-content-remix,"Learn how to repurpose existing content into multiple formats with content remix.… Use HubSpot's AI to repurpose existing content into additional formats, including blog posts, social posts, images, SMS messages, and more. Repurposing content manually can require rewriting, reformatting, and adapting messaging for each channel. Content remix helps reduce this effort by generating… multiple assets from a single source. For…..."
LEA-CON-202,Create and publish social posts in the HubSpot mobile app,Content & Campaign Assets,https://knowledge.hubspot.com/social/publish-and-review-social-posts-in-the-hubspot-mobile-app,Learn how to create and publish social posts while on the go in HubSpot's mobile app.
LEA-CON-203,Monitor your social posts in the HubSpot mobile app,Content & Campaign Assets,https://knowledge.hubspot.com/social/monitor-social-posts-in-the-hubspot-mobile-app,Learn how monitor interactions such as likes on your social posts in the HubSpot mobile app.
LEA-CON-204,Review and manage your social posts in the HubSpot mobile app,Content & Campaign Assets,https://knowledge.hubspot.com/social/review-and-manage-your-social-posts-in-the-hubspot-mobile-app,"Learn how to review and manage social posts while on the go in HubSpot's mobile app.… After creating and publishing your social posts, use HubSpot's mobile app to review your published, scheduled, and drafted social posts. On the mobile app, you can…..."
LEA-CON-205,Blog auto-publish in social settings,Content & Campaign Assets,https://knowledge.hubspot.com/social/what-happens-when-i-click-blog-auto-post-in-social-media-settings,"When blog auto-publishing is enabled, a social post with a link to your blog content will be published on your social accounts when you publish a new blog post. These social posts will be published 15 minutes after the blog post is published."
LEA-CON-206,Manage social account settings,Content & Campaign Assets,https://knowledge.hubspot.com/social/manage-your-social-account-settings,"Learn how to manage your social account settings such as setting up auto-publishing for your blog, modifying account access with other users, and selecting the default social accounts to post from.… Manage your connected social accounts in HubSpot to control how your team publishes and tracks your social content. In your account's social settings, you can: Set up auto-publishing to automatically post new blog articles to your social channels. Manage which users and teams have access to each… auto-publishing If your blog is hosted on HubSpot,…..."
LEA-CON-207,Preview forms before publishing,Content & Campaign Assets,https://knowledge.hubspot.com/forms/preview-forms,"Learn how to preview a form before publishing.… As you create a form in the updated forms editor, you can preview its design and behavior before publishing. The preview shows how visitors will experience the form, including multi-step navigation, conditional logic, and required fields. This helps you confirm layout, validate logic, and review… As you create a form in the updated forms editor , you can preview its design and behavior before publishing. The preview shows how visitors will experience the form, including multi-step navigation, conditional logic, and required fields. This helps you confirm layout, validate logic, and review the lead capture flow without generating submissions."
LEA-CON-208,Smart content | Frequently Asked Questions,Content & Campaign Assets,https://knowledge.hubspot.com/website-pages/smart-content-frequently-asked-questions,"Learn how to use smart content in HubSpot for emails, pages, blog posts, and CTAs."
LEA-CON-209,Create and manage smart content rules,Content & Campaign Assets,https://knowledge.hubspot.com/website-and-landing-pages/create-and-manage-smart-content-rules,"Smart content modules display different versions of your content based on viewer category. For example, you could create alternatives for visitors from a specific country or those viewing on a mobile device. Learn more about which modules are eligible for smart content in emails, blog posts, pages..."
LEA-CON-210,Add smart content to your calls-to-action (CTAs),Content & Campaign Assets,https://knowledge.hubspot.com/ctas/add-smart-content-to-your-ctas,"Learn how to add smart content to your calls-to-action (CTA) to display different versions of your CTA based on viewer category (BETA).… Available with any of the following subscriptions, except where noted: Add smart content to your calls-to-action (CTA) to display different versions of your CTA based on viewer category. For example, you can display text on your CTAs for visitors from a specific country or contact lifecycle stage..."
LEA-CON-211,Use progressive fields in forms (legacy),Content & Campaign Assets,https://knowledge.hubspot.com/forms/use-progressive-fields-in-forms,"Learn how to use progressive fields in your HubSpot forms. Progressive fields allow you to hide fields that a visitor has already been answered, and replace them with fields that have not been answered.… Use progressive fields in legacy forms to make them smarter and more efficient. With standard form fields, the same fields will appear each time the form is loaded. However, if the contact filling out your form already has a value for a specific field, you can use progressive fields to set another..."
SEG-LIS-212,Map Salesforce record types to HubSpot,Lists & Audiences,https://knowledge.hubspot.com/salesforce/how-do-i-map-salesforce-record-type-to-hubspot,"based on the Salesforce record type assigned to leads, contacts, companies, or deals. For example, you can create active lists or workflows that target records with a specific Salesforce record type. This article explains how to map Salesforce record types using either single-line text fields… If your Salesforce organization uses record types for Salesforce leads, contacts, accounts, or opportunities, map Salesforce record types to HubSpot custom properties to make Salesforce record type information available in HubSpot. This lets you segment records, create lists, and build automations… Learn how to map Salesforce record types to HubSpot as custom properties..."
SEG-LIS-213,Manage onboarding to-do lists with checklists,Lists & Audiences,https://knowledge.hubspot.com/help-and-resources/manage-onboarding-to-do-lists-with-checklists,"Learn how to use HubSpot's projects tool to plan and organize all of your team's work in one place via structured lists of tasks.… Use checklists to manage HubSpot onboarding and setup by working through predefined tasks in a structured list. Checklists help teams track steps, assign ownership, and monitor progress as they complete account setup or recurring processes. With checklists, you can review and manage tasks, customize..."
SEG-LIS-214,Edit an active sequence,Lists & Audiences,https://knowledge.hubspot.com/sequences/edit-an-active-sequence,"Learn how to apply changes to a sequence to any actively enrolled contacts.… After you enroll contacts in a sequence, you may need to make edits to the order of the steps, the length of the delays, the templates and tasks included in the sequence, or a scheduled email's content. The impact of editing an active sequence depends on where you make your edits: Edit an active… in the updated sequence: Manually unenroll the active contacts and take note of the next scheduled step in the sequence. Start a new sequence enrollment: In your HubSpot account, click More, then navigate to Sales > Sequences. If More doesn't appear in your account, navigate to Sales >…..."
SEG-LIS-215,Create and conduct customer loyalty surveys,Lists & Audiences,https://knowledge.hubspot.com/customer-feedback/how-do-i-send-a-customer-loyalty-survey,"contacts have to meet to receive a survey: Became a customer date: the default filter Became a customer is more than 30 days ago will be used. Contact criteria: set criteria based on any contact, company, deal ticket, and survey response properties. Static contact lists: select one of your static lists… to select filters. Static lists: the survey will be sent to the contacts on one of your static lists. Click the Send to…..."
SEG-LIS-216,Create and conduct customer satisfaction surveys,Lists & Audiences,https://knowledge.hubspot.com/customer-feedback/create-and-send-customer-satisfaction-surveys,"contact, company, deal, and ticket properties or select Static lists to select a static list you have created. To change the current filter, click Edit criteria. If you’re starting from scratch, select a property type and click Create criteria. In the left panel, customize your criteria. You can click… : create your own criteria using contact, company, deal, and ticket properties. Static lists: select one of your static lists. To change the current filter, click Edit criteria. In the…..."
SEG-LIS-217,Create a custom survey,Lists & Audiences,https://knowledge.hubspot.com/customer-feedback/create-a-custom-survey,"contacts must meet to be sent the survey: Contact-based surveys: trigger your survey based on the date your contact became a customer, contact or associated object properties, or by selecting static lists. Survey responses will be associated to the contact and associated company only. To associate survey..."
SEG-LIS-218,Create ads audiences in HubSpot,Lists & Audiences,https://knowledge.hubspot.com/ads/create-ads-audiences-in-hubspot,"Learn how to create Facebook Ads, Google Ads, or LinkedIn Ads audiences in HubSpot to be more specific about who sees your ads.… been collected when sending contacts to an ad network for retargeting, The number of contact segment audiences you can create depends on your Marketing Hub subscription. Learn more about your audience limits in the Ads management section of the Product and Services Catalog. To create additional… Use ads audiences to specify who sees your Facebook, Google, and LinkedIn ads. In HubSpot, you can create audiences based on your website visitors, HubSpot contacts, or existing audiences. After creating an audience in HubSpot, you can…..."
SEG-LIS-219,Target Google ads using HubSpot audiences,Lists & Audiences,https://knowledge.hubspot.com/ads/associate-google-ads-audiences-with-a-campaign,"Learn how to associate Google Ads audiences created in HubSpot with a campaign in order to see them in your Google Ads account.… Audience. In the right panel, click Audience to expand the section. Click Create an audience. In the right panel, enter an audience name. In the Your data section, click the search bar. Then, click the Browse tab To use one of your website visitor audiences, click Website Visitors. To use one..."
SEG-LIS-220,Target Facebook ads using HubSpot audiences,Lists & Audiences,https://knowledge.hubspot.com/ads/target-facebook-ads-using-hubspot-audiences,"Learn how to use ads audiences in HubSpot to target your Facebook ads.… audience in HubSpot. Select HubSpot audiences for new Facebook ad sets When setting up a new Facebook ad set, you can use a HubSpot audience. Once you publish your ad campaign, Facebook will show the ads in this ad set to the users in your selected audience. To select a HubSpot audience for your new… Facebook ad set: Log in to your Facebook Ads account. In the left sidebar, click the alignJustify all tools icon. Then, click Ads Manager. In the top right, click Create Campaign to create a new campaign or a new ad set for an…..."
SEG-LIS-221,Target LinkedIn ads using HubSpot audiences,Lists & Audiences,https://knowledge.hubspot.com/ads/target-linkedin-ads-using-hubspot-audiences,"Learn how to target your LinkedIn ads using HubSpot audiences… After creating LinkedIn Ads audiences in HubSpot, you can use them to target new and existing ad campaigns. Select a HubSpot audience for new LinkedIn campaigns Log in to your LinkedIn Ads campaign manager. Click the Campaigns tab. Click Create campaign. Select the campaign objective..."
SEG-SCO-222,Score leads based on high-impact web page conversions,Scoring,https://knowledge.hubspot.com/scoring/score-leads-based-on-high-impact-web-page-conversions,"Learn how to set up lead scoring criteria based on conversion data for high-impact web pages.… In the lead scoring tool, you can use performance insights for web pages to set criteria that score leads based on visits to high-impact pages. The AI-powered insights show pages with their conversion rates and confidence levels that suggest how likely a record is to convert based on a visit..."
SEG-SCO-223,Determine likelihood to close with predictive lead scoring,Scoring,https://knowledge.hubspot.com/properties/determine-likelihood-to-close-with-predictive-lead-scoring,"on this predictive lead scoring model. Learn more about these properties: Likelihood to close: a score that represents the percentage probability of a contact closing as a customer within the next 90 days based on certain contact properties and activities. For example, contacts with a close probability value of 22… to associate your contacts with deals, which when closed, will automatically update these contact properties. The lead scoring properties are automatically set by HubSpot and cannot be edited. To set values for these properties, HubSpot analyzes the following data: Analytics and conversion information… blackbox machine learning to provide…..."
SEG-SCO-224,Understand the lead scoring tool,Scoring,https://knowledge.hubspot.com/scoring/understand-the-lead-scoring-tool,"Learn more about how lead scores are calculated, including use cases and best practices for setting up scoring.… the goals of your different teams or regions. Certain scores may be useful to sales and marketing teams tracking prospects, but your support team would need a different score to track the engagement of existing customers. If your business has multiple regions, the qualities of a good fit customer… property or event in your score. Note the following about criteria in the lead scoring tool: Separate property or event rules independently update the score, even if the rules are in the same group. For example, in a property group, you have one property rule that adds 10 points for Industry is Hospitality..."
SEG-SCO-225,How to Use Buyer Intent Data to Identify Companies Ready to Buy,Scoring,https://knowledge.hubspot.com/reports/use-buyer-intent,"Learn how to use buyer intent to gain insight into which companies are visiting your website, showing an interest in your brand, and who could have the intent to buy. (BETA)"
SEG-SCO-226,Use the intelligence tab,Scoring,https://knowledge.hubspot.com/records/use-the-intelligence-tab,"and insights (e.g., research your companies, generate visit-based insights). Learn how to: Use data agent. Set up smart properties. Use buyer intent The intelligence tab contains a section for buyer signals that indicate if the company is ready to buy. Learn how to set up and use buyer intent.… the Intelligence tab. In the Visitor Intent section, you can review: Website visits: the total number of times people from the company have visited your website. The arrow and percentage show if visits have changed month over month. Learn more about…… ..."
SEG-SCO-227,Use research intent,Scoring,https://knowledge.hubspot.com/reports/use-research-intent,"Use research intent to gain insight into companies researching topics you care about.… Before you get started Before getting started with research intent, please note the following: Before using research intent, set up your target market and select your research topics. Learn how to configure research intent. To configure research intent, users must have Buyer Intent permissions. Use..."
SEG-SCO-228,Use intent signals,Scoring,https://knowledge.hubspot.com/reports/use-intent-signals,"Track your highest-value companies and HubSpot will enrich them with signals like funding, job changes, and buying intent. Use these signals as triggers for workflows, lead scoring, and more.… To track companies, you need Data Enrichment permission. To edit intent signal settings, you need edit Buyer Intent permission. Understand intent signals Once you track a company, HubSpot will start monitoring for signals related to that company and its associated contacts. When a signal… again until the cooling-off period has passed. Configure intent…..."
SEG-LIF-229,Update the lifecycle stage of contacts or companies in bulk,Lifecycle Qualification,https://knowledge.hubspot.com/records/change-record-lifecycle-stages-in-bulk,"Learn how to use an index page, workflow, or an import to move the lifecycle stage values of contacts or companies in bulk.… You can use an import, index page, or a workflow to change the lifecycle stage value of your contacts or companies in bulk. Learn more about using lifecycle stages. To manually update an individual record's lifecycle stage, learn how to edit a property value. Update the lifecycle stage..."
SEG-LIF-230,Set up and customize the customer agent's handoff process,Lifecycle Qualification,https://knowledge.hubspot.com/customer-agent/set-up-and-customize-the-customer-agents-handoff-process,"Learn how to configure and customize your customer agent's handoff rules and process for seamless transitions to human agents.… After you've created your customer agent, manage how and when it hands off conversations across all channels from a centralized location. Create custom handoff guidelines and choose to transfer conversations to a live human agent immediately, at a later time, or keep the customer agent assigned… Allowing your team to efficiently handle live issues or manage follow-up once they're available. Additionally, you can route conversations to specific users or teams, or use ticket-based workflows to route conversations based on predefined conditions. You can also customize handoff messages to…..."
SEG-LIF-231,Connect HubSpot and Snowflake Data Share,Lifecycle Qualification,https://knowledge.hubspot.com/integrations/connect-snowflake-data-share,"Integrate HubSpot with Snowflake to access and analyze your HubSpot data using SQL, gaining valuable insights for marketing, sales, service, analytics, and content teams.… HubSpot's integration with Snowflake allows you to access all your HubSpot data directly within Snowflake, where you can then query it using SQL. Learn more about querying HubSpot data in Snowflake. The integration enables you and your team to retrieve valuable insights by combining HubSpot data… HubSpot's integration with Snowflake allows you to access all your HubSpot data directly within Snowflake, where you can then query it using SQL. Learn more about querying HubSpot data in Snowflake . The integration enables you and your team to retrieve…..."
SEG-ROU-232,Set up routing rules in the conversations inbox,Routing & Assignment,https://knowledge.hubspot.com/inbox/set-your-conversations-routing-rules,"automatic conversation assignment for form channels In your HubSpot account, click the settings icon in the top navigation bar. In the left sidebar menu, navigate to Inbox & Help Desk > Inbox Hover over the form channel and click Edit. Click the Assign to dropdown menu and select a routing option: Customer… By default, incoming conversations are left unassigned in your inbox for your team to triage. In this article, learn how to set routing rules so that incoming conversations are automatically routed to specific users and teams in your account. Seats required An assigned Sales Seat or Service Seat..."
SEG-ROU-233,"Configure call routing, work hours, and voicemail",Routing & Assignment,https://knowledge.hubspot.com/calling/configure-call-routing-work-hours-and-voicemail,"Once you have acquired a HubSpot-provided number, you must decide where those calls should ring, what your call working hours are, and how to customize your voicemail. Choose your ring preference HubSpot allows you to route calls to three primary destinations: Routing option Use case Key… After acquiring a HubSpot-provided number, you can decide where those calls ring, what your call working hours are, and how to customize your voicemail..."
SEG-ROU-234,Set up multi-account management,Routing & Assignment,https://knowledge.hubspot.com/account-management/set-up-multi-account-management,"Learn how to set up multi-account management, allowing multiple businesses to work separately, while being able to share assets and data across accounts.… Multi-account management is a feature for customers with multiple HubSpot accounts. Multi-account management allows multiple businesses to work separately, while being able to share assets and data across accounts. Learn more about multi-account management from our HubSpot Academy… The functionality of multi-account management includes: Organization configuration: set up your organization and define the connections between accounts that decide how…..."
SEG-ROU-235,Use cookie management tools in HubSpot,Routing & Assignment,https://knowledge.hubspot.com/privacy-and-consent/use-cookie-management-tools-in-hubspot,is the best resource to give you compliance advice for your specific business circumstances. Understand cookie management Cookies are small data files that can be used to identify your website visitors and track their behavior. There are worldwide laws and regulations that protect the privacy… Ensure your website is compliant with applicable data regulation laws. HubSpot has tools to help you comply with these laws...
SEG-ROU-236,Troubleshoot the HubSpot cookie consent management tools,Routing & Assignment,https://knowledge.hubspot.com/troubleshoot-the-hubspot-cookie-consent-management-tools,"While using HubSpot’s consent management tools you may encounter errors. Review common errors and the typical steps for resolution.… You may encounter errors while adding your website to consent management tools. The table below explains the errors in detail and the steps needed to resolve: Once you have confirmed the above requirements are met, review the table below which explains the errors in detail and the steps needed… While using HubSpot’s consent management tools you may encounter errors. Below are some common errors and the typical steps for resolution."
SEG-ROU-237,Copy assets to another HubSpot account with multi-account management,Routing & Assignment,https://knowledge.hubspot.com/account-management/copy-assets-to-another-hubspot-account,"Learn how to set up asset copying, a feature of multi-account management, allowing you to copy automated marketing emails, forms, and lists to other HubSpot accounts.… Asset copying, a feature of multi-account management, allows you to copy automated marketing emails, forms, segments, and workflows to other HubSpot accounts in your multi-account management organization. Permissions required Super Admin permissions are required in the account that you're copying..."
SEG-ROU-238,Mirror data between HubSpot accounts with multi-account management,Routing & Assignment,https://knowledge.hubspot.com/account-management/mirror-data-between-hubspot-accounts,"Learn how to set up aata mirroring, a feature of multi-account management, allowing you to mirror data between different HubSpot accounts.… With data mirroring, a feature of multi-account management, you can mirror contact and company data between different HubSpot accounts. For example, a sales representative in one account is interacting with a contact who bought something from another business entity. That business entity has..."
SEG-PRO-239,Connect HubSpot and LinkedIn Sales Navigator,Prospecting,https://knowledge.hubspot.com/integrations/how-to-connect-hubspot-and-linkedin-sales-navigator,"Connect HubSpot with LinkedIn Sales Navigator to enhance your sales process with valuable insights, personalized outreach, and streamlined communication.… Connect HubSpot with LinkedIn Sales Navigator to view LinkedIn insights and Sales Navigator activity directly on your HubSpot records. After connecting the…..."
SAL-PIP-240,Improve forecasting with AI projections,Pipeline Execution,https://knowledge.hubspot.com/forecast/improve-forecasting-with-ai-projections,"the dropdown menus at the top to filter by pipeline. In the Overview for all teams table at the top, you can view the following: Weighted pipeline value: the total Amount multiplied by the Deal probability of all deals including Closed won deals. Please note: the deal stage property and the deal amount… Closed won deal data. Specifically, the date a deal is moved to the deal stage Closed won and the amount of the deal. The AI forecast is provided as a range, with the midpoint of the…..."
SAL-PIP-241,Create deals,Pipeline Execution,https://knowledge.hubspot.com/records/create-deals,"Learn about creating deals in HubSpot.… Use deals in HubSpot to track potential revenue through your sales process. You can associate deals with other records, such as contacts and companies involved in the deal. Once records are associated to a deal, HubSpot can associate the relevant activities to the deal record. To customize how… manually Create a deal from the index page In your HubSpot account, click More, then navigate to CRM > Deals. If More doesn't appear in your account, navigate to CRM > Deals directly. In the upper right, click the Add deals dropdown menu and select Create new. In the…..."
SAL-PIP-242,Set up the quotes tool,Pipeline Execution,https://knowledge.hubspot.com/quotes/set-up-quotes,"Learn how to set up and customize HubSpot quotes for branded, consistent, and trackable sales quotes.… Permissions required Super Admin permissions are required to set up quotes. Use quotes to share pricing with buyers, record quote acceptance, collect signatures, and receive payments. Before creating quotes, configure quote settings such as branding, sender email addresses, payment terms..."
SAL-PIP-243,Set up legacy quotes,Pipeline Execution,https://knowledge.hubspot.com/quotes/set-up-legacy-quotes,"Learn how set up legacy quotes in HubSpot, including payment options, e-signatures, and default settings.… Use legacy quotes to share pricing with buyers, collect signatures, and receive payments. Before creating legacy quotes, set your logo, colors, default payment settings, default expiration dates, approvals, e-signature configurations, and templates. Before you get started This article references..."
SAL-PIP-244,Set up currencies for payment collection,Pipeline Execution,https://knowledge.hubspot.com/payment-processing/configure-currencies-for-commerce-hub,"links. Learn more about creating quotes. Learn more about creating legacy quotes. Learn more about creating subscriptions. Learn more about managing payments.… Subscription required A Starter, Professional, or Enterprise subscription is required to use HubSpot payments. Stripe payment processing is available for all subscriptions. Set up currencies to collect payments from international customers using invoices, payment links, quotes, legacy quotes… and subscriptions. The currencies…..."
SAL-PIP-245,Compare Sales Hub legacy quotes and Revenue Hub quotes,Pipeline Execution,https://knowledge.hubspot.com/quotes/compare-legacy-quotes-and-quotes,"Compare legacy quotes and quotes. Discover key features, differences, and how to optimize your quoting process.… HubSpot provides two quoting experiences: legacy quotes and quotes. Legacy quotes are designed for teams with a straightforward quoting process. Quotes are designed for teams that need more control and consistency as their quoting process becomes more complex. In addition to creating quotes, HubSpot..."
SAL-PIP-246,Understand revenue processes in HubSpot,Pipeline Execution,https://knowledge.hubspot.com/cpq/understand-revenue-processes-in-hubspot,"onward billing from contracts. Amend existing payment agreements by applying credit memos to invoices, or creating change quotes from contracts. Learn more about the different ways to bill your buyers Payments Collect one-time and recurring payments in HubSpot. Payments can be collected using… Configure, price, quote (CPQ) Subscription required A Revenue Hub subscription is required to use HubSpot CPQ. Use HubSpot CPQ to configure products and services and create, manage, and approve quotes. When the quote is ready, send it to your buyer to review, accept, and pay. Learn more about managing… And include the option to manage mid-contract changes and renewals. Contracts can be used with other records and tools, such…..."
SAL-PIP-247,Manage end-to-end revenue in HubSpot,Pipeline Execution,https://knowledge.hubspot.com/cpq/manage-end-to-end-revenue-in-hubspot,"contracts after changes are made to make sure renewals are accurate. Learn more about creating change quotes. Manage renewals Automate renewals and reduce churn risk by creating renewal quotes directly from the contract. Current contract information automatically populates a renewal quote, and you can… end date approaches. Be confident that any mid-contract changes are automatically populated on the renewal quote. Add or remove items at the time of renewal. Learn more about creating renewal quotes. Integrate and report on revenue Connect…..."
SAL-PIP-248,"Understand the connected CPQ, billing, and payments process",Pipeline Execution,https://knowledge.hubspot.com/cpq/manage-the-connected-cpq-billing-and-payments-process,"Manage the quote-to-payment process in HubSpot CPQ, automating billing, invoicing, and payment collection for a streamlined experience.… collection. After a buyer accepts a quote, HubSpot automatically creates a contract, billing schedule, and the first set of invoices. Buyers are directed to an invoice checkout experience to complete or schedule payments. This helps automate billing, reduce manual invoicing, and track payments in one… If you're enrolled in Connected CPQ, Billing, and Payments beta , you can manage the quote-to-payment process in HubSpot, from quote acceptance to invoicing and payment collection. After a buyer accepts a quote , HubSpot automatically creates a contract , billing schedule, and the…..."
SAL-COM-249,Collect and create payments,Commerce,https://knowledge.hubspot.com/payments/collect-payments,"Collect payments in HubSpot with online methods or manual entries, streamlining your payment processes across various tools.… Collect payments in HubSpot using online payment methods, or manually create payment records for payments processed outside of HubSpot. Use revenue tools such as invoices, payment links, quotes, legacy quotes, and subscriptions, to accept payments from buyers and track payment activity in one place… Payments can be collected and recorded in the following ways: Online using HubSpot payments or Stripe as a payment…..."
SAL-COM-250,Choose how to accept payments from your buyers,Commerce,https://knowledge.hubspot.com/get-started/choose-how-to-accept-payments-from-your-buyers,"Understand the different tools you can use to collect payments from your buyers in HubSpot.… After understanding how to accept payments from buyers, use this article to decide which tools to use to collect payments, based on your existing revenue processes. Choose a payment collection tool Please note: if you’re enrolled in the Connected CPQ, Billing, and Payments beta, a contract record… is automatically created when a quote is accepted by the buyer and the contract is used to manage ongoing billing, invoice creation, and payment collection. With the beta, a subscription record is created, but does not power the billing. Learn more about the Connected CPQ,…..."
SAL-COM-251,Manage disputed payments,Commerce,https://knowledge.hubspot.com/payments/manage-disputed-payments,"Manage disputed payments in HubSpot. Track, respond, and resolve payment disputes with detailed records and notifications.… Permissions required Super Admin permissions are required to dispute payments. If a buyer disputes a payment, you can track and manage the dispute directly in your HubSpot account. From the payments record, view the status of each dispute, upload supporting evidence, and respond to requests from..."
SAL-COM-252,Manage payouts and payments,Commerce,https://knowledge.hubspot.com/payments/manage-payments,"Manage payments and payouts in HubSpot. Learn how to issue refunds, send receipts, and keep track of transaction history.… When collecting payments in HubSpot, payment details are stored in a payment record in HubSpot. Payouts from online payments are deposited daily to your bank account. Issue refunds, resend receipts, download reports of your payments and payouts, export payment data, and respond to disputes from… the payment record in HubSpot. Payouts Payouts are the funds deposited into your bank account from your collected payments each day, minus any fees, refunds, or chargebacks. If you…..."
SAL-COM-253,Analyze payments revenue,Commerce,https://knowledge.hubspot.com/payments/analyze-payments-revenue,"Analyze your payments revenue with HubSpot's Gross payment revenue dashboard. Learn how to create, customize, and view detailed reports on your payment metrics.… Permissions required Super Admin or Dashboard, reports, and analytics permissions are required to create, view, and make changes to dashboards, regardless of visibility or ownership. After you set up HubSpot payments or connect your Stripe account as a payment processing option, you can create… a Gross Payment Revenue dashboard to report on earned revenue. Use the dashboard to analyze total gross revenue across payments, gross revenue by highest and lowest-performing products, and the top-performing sales reps by quarterly gross revenue. You can also…..."
SAL-COM-254,Manage invoices of your buyers in HubSpot,Commerce,https://knowledge.hubspot.com/invoices/manage-invoices,"Learn how to manage HubSpot invoices after they have been created.… After creating invoices for your buyers, use the invoice index page to manage your buyers' invoices, including editing, tracking, and exporting them. You can also associate invoices with other records in HubSpot to maintain a complete view of customer and payment activity. Learn more about creating..."
SAL-COM-255,Set up invoices for your buyers,Commerce,https://knowledge.hubspot.com/invoices/set-up-the-hubspot-invoices-tool,"Learn how to set up the HubSpot invoices tool to start collecting payments through HubSpot invoices.… Permissions required Super Admin permissions are required to set up invoices. Use HubSpot invoices to send invoices, track receivables, and collect payments from your buyers using HubSpot payments or Stripe payment processing. Using invoices, buyers have a similar checkout process to payment links… and quotes. This article explains how to set up invoices that bill your buyers. For…..."
SAL-COM-256,Share created invoices with your buyers,Commerce,https://knowledge.hubspot.com/invoices/share-created-invoices,"Learn how to share, send, and manage invoices through email, links, or integrated CRM tools.… Permissions required Super Admin permissions or View permissions for invoices are required to view and download invoices, or send them via email. After creating invoices for your buyers, you can share them through an email, using a direct link, downloading a PDF, or inserting invoices while… composing messages in CRM records, and the conversations inbox. This article explains how to share invoices with your buyers. For help with your own HubSpot <…… ..."
SAL-COM-257,Create invoices for your buyers in HubSpot,Commerce,https://knowledge.hubspot.com/invoices/create-invoices,"Learn how to create and customize invoices in HubSpot, including setting up payment methods, adding taxes, and associating contacts and companies.… Create and manage invoices in HubSpot to manage billing and payment collection processes for your buyers. Generate invoices, customize invoice details, and send invoices to your customers. Collect digital payments through HubSpot payments or Stripe payment processing, or track payments made outside..."
SAL-COM-258,Customize invoice presets for buyers,Commerce,https://knowledge.hubspot.com/invoices/customize-invoice-presets,"Permissions required Super Admin permissions are required to customize invoice presets. Use HubSpot invoices to send invoices, track receivables, and collect payments from your buyers using HubSpot payments or Stripe payment processing. This article explains how to customize invoice presets. Use… customizable presets to configure invoices based on different business requirement. For example, you could create a default invoice preset that uses your primary company address, and a different preset that uses a different company address, different regional tax IDs, or different custom properties..."
SAL-COM-259,View and manage subscriptions billed in HubSpot,Commerce,https://knowledge.hubspot.com/subscriptions/manage-subscriptions,"Manage and update your HubSpot subscriptions. Learn how to view, edit, and customize subscription details.… Once subscriptions have been set up and created in HubSpot, view, manage, and update subscription records from within your account. Learn more about how subscriptions in HubSpot work. You can update associated contacts, billing addresses, line items, due dates, payment methods, and statuses..."
SAL-COM-260,Set up subscriptions for your buyers,Commerce,https://knowledge.hubspot.com/subscriptions/set-up-the-hubspot-subscriptions-tool,"Learn how to set up the HubSpot subscriptions tool to automate subscription management and recurring billing through HubSpot.… Use the HubSpot subscriptions tool to manage your customers' subscriptions. Automate recurring payments with Stripe payment processing or HubSpot payments, or manage recurring billing through automated invoices. Learn how subscriptions in HubSpot work. This article explains how to set up… the subscriptions tool to for your buyers. For help with your own HubSpot subscription, learn how to manage your subscription. Before you get started Understand limitations and…..."
SAL-COM-261,Create and share payment links,Commerce,https://knowledge.hubspot.com/payment-links/create-and-share-a-products-payment-link,Generate and share payment links with HubSpot to quickly and easily collect payments from buyers.
SAL-COM-262,How payment links create and associate deals,Commerce,https://knowledge.hubspot.com/payment-links/how-payment-links-create-and-associate-deals,"Learn how HubSpot payment links create and associate deals, so you can set up payment links that match your business requirements.… Learn how payment links create and associate new deals, and in which situations these associations happen automatically. Understand the rules and settings that affect deal creation when a buyer completes payment through a payment link. How payments are associated with deals and other records When..."
SAL-COM-263,Create and use discount codes,Commerce,https://knowledge.hubspot.com/payments/create-and-use-discount-codes,"Learn how to create and manage discount codes for payment links, for buyers to use at checkout.… When you send a payment links, you can allow buyers to apply discount codes during checkout. Discount codes can reduce the purchase price by a fixed amount or percentage. For example, during a seasonal promotion, you might create a discount code such as BLACKFRIDAY20 and apply it to payment links"
SAL-COM-264,Add payment links to your content,Commerce,https://knowledge.hubspot.com/payment-links/add-a-payment-link-to-your-website,"Learn how to accept payments on your pages and emails by embedding the payments module.… it into position on the page. In the sidebar editor: In the Button field, enter the text to be displayed on the button. Under Button target: Select Use a payment link to direct your audience to one of your payment links. Click the Payment link dropdown menu and select a payment link. Under Checkout..."
SAL-COM-265,Understand discounts when collecting payments,Commerce,https://knowledge.hubspot.com/payments/understand-payment-discounts,"Learn how to effectively apply and manage different discount types when creating invoices, payment links, quotes, legacy quotes, and subscriptions.… When creating invoices, payment links, quotes, legacy quotes, and subscriptions, you can include discounts. The discounts that can be applied depend on what you're creating. Discount types Learn how each discount type is applied below. Unit discount Available for invoices, payment links, quotes..."
SAL-SAL-266,Use task queues,Sales Activities,https://knowledge.hubspot.com/tasks/use-task-queues,Learn how to set up your tasks so you can complete them back to back within HubSpot's interface. Task views show you the tasks you want to work on and starting tasks in a view brings you to the records associated to the tasks automatically.… Task queues organize tasks into groups that can be used when filtering tasks. Each user can create up to 20 task queues in an…...
SAL-SAL-267,Set up task reminders and daily task digest emails,Sales Activities,https://knowledge.hubspot.com/tasks/task-reminders-and-daily-digest,"Learn how to set reminders for tasks or opt into a weekday recurring email that summarizes your due tasks in HubSpot.… When you create a task, you can set a reminder to receive an email notification on that specific task. To receive a summary of your tasks due each weekday, you can also opt in to daily task digest emails. Manage reminders for tasks When creating or editing a task, set up reminder emails to be sent..."
SAL-SAL-268,Export tasks,Sales Activities,https://knowledge.hubspot.com/tasks/export-tasks,"Learn how to export tasks.… You can export tasks in your HubSpot account by creating a tasks report and exporting the data. To view specific tasks, you can filter the report. For example, view incomplete tasks assigned to you or tasks created by specific team members last month. The exported file will include the tasks..."
SAL-SAL-269,Create and edit dynamic sequences,Sales Activities,https://knowledge.hubspot.com/sequences/create-and-edit-dynamic-sequences,"Learn how to use dynamic sequences to nurture leads with personalized, automated emails and surface manual tasks only for the contacts who show open or click an email.… Dynamic sequences nurture leads with personalized, automated emails and surface manual tasks only for the contacts who show open or click an email. With dynamic sequences, you can concentrate on warm leads who are engaged and have a higher likelihood of converting, and your sequence handles… the rest. Before you get started When using dynamic sequences, do also take note of the following: To send sequences, you must have a connected…..."
SAL-SAL-270,Pause or resume your sequences,Sales Activities,https://knowledge.hubspot.com/sequences/pause-or-resume-your-sequences,"Learn how to pause or resume your sequences. You can pause or resume individual sequences, all sequences in your account, or from specific contact records.… sequences In your HubSpot account, click More, then navigate to Sales > Sequences. If More doesn't appear in your account, navigate to Sales > Sequences directly. To pause or resume a sequence from the sequence index page, hover over the sequence and click the Actions dropdown menu. Then, select Pause..."
SAL-SAL-271,Make calls from the HubSpot mobile app,Sales Activities,https://knowledge.hubspot.com/calling/make-calls-from-the-hubspot-mobile-app,You can make calls on the HubSpot mobile app through your mobile phone carrier or using the HubSpot calling tool.
SAL-SAL-272,Understand HubSpot's content moderation policies,Sales Activities,https://knowledge.hubspot.com/account-management/understand-hubspots-content-moderation-policies,"Learn about HubSpot's content moderation policies.… of HubSpot's Terms of Service or Acceptable Use Policy. Calling suspension If you're using an account that's otherwise eligible for the HubSpot calling tool and encounter a suspension notice and you believe the suspension has been made in error, reach out to HubSpot Support. Please note: sandbox..."
SAL-SAL-273,Calling | Frequently Asked Questions,Sales Activities,https://knowledge.hubspot.com/calling/calling-frequently-asked-questions,"Find answers and general information quickly about the calling tool in HubSpot.… Find answers and general information quickly about the calling tool in HubSpot. Why am I getting a 'Call Failed' error in the CRM? If you see a Call Failed message when making a call from the CRM, verify the following: You are attempting to call a live phone number. You entered the phone number..."
SAL-MOB-274,Sign up for HubSpot mobile beta features,Mobile Selling,https://knowledge.hubspot.com/account-management/sign-up-for-hubspot-mobile-beta,Learn how to sign up for the HubSpot mobile app beta program on your Android device.
SAL-MOB-275,Manage notifications from the HubSpot mobile app,Mobile Selling,https://knowledge.hubspot.com/user-management/enable-notifications-from-the-hubspot-mobile-app,Learn how to view mobile notifications for features such as tracked emails or tasks by enabling notifications in your device and HubSpot mobile app settings.
SAL-MOB-276,Use HubSpot Academy in the HubSpot mobile app,Mobile Selling,https://knowledge.hubspot.com/help-and-resources/use-the-hubspot-academy-in-the-hubspot-mobile-app,"You can access HubSpot Academy from the HubSpot mobile app and complete courses while on the go. You can also check the status of your team’s certifications and view, download or share your certifications.… You can access HubSpot Academy from the HubSpot mobile app and complete training while on the go. You can also check the status of your team’s certifications and view, download, or share your certifications. Learn more…..."
SAL-MOB-277,Scan and redact Sensitive Data in HubSpot,Mobile Selling,https://knowledge.hubspot.com/account-security/scan-and-redact-sensitive-data,"Scan your HubSpot account for sensitive data, review detected items, and remove them to help maintain compliance and data security.… Scan and redact Sensitive Data to identify sensitive information stored in CRM activities such as notes, calls, tasks, emails, and meetings. Super Admins can run scans to detect flagged values and redact them when Sensitive Data is configured in the account. This reduces compliance risk associated… with unintentionally stored financial or health data. If Sensitive Data isn't turned on in your account, you can review the scan results. Before you get started Before you begin working with this feature, make sure to fully understand what steps should be taken ahead of time, as well..."
SAL-MOB-278,Use cards on records,Mobile Selling,https://knowledge.hubspot.com/records/use-cards-on-records,"Learn how to view and interact with cards that display data on your records.… On records, cards display data and actions specific to that record. There are default cards provided by HubSpot, as well as cards that can be customized to show data relevant to your business. Each card type displays different data and has certain actions you can take, and will differ based… on the object and location on the record. For example, on certain middle column cards, you can customize tables, filter data, or interact with reports. Permissions required…..."
SAL-MOB-279,Manage contact email logging rules,Mobile Selling,https://knowledge.hubspot.com/connected-email/manage-contact-email-logging-rules,"Learn how to configure your account's default contact email logging rules and set which incoming emails are logged to the CRM.… known contacts): log all emails to and from existing contacts for users with connected personal inboxes. This is the default logging option for all accounts. Emails sent from outside of the CRM (e.g., an email client or mobile app) to existing contact records log to the CRM. All emails from existing… Configure your account's default contact email logging rules and set which incoming emails are logged to the CRM. By managing logging rules for all users, you can ensure that…… ..."
SAL-MOB-280,Understand HubSpot Sales email open and click tracking | Knowledge Base,Mobile Selling,https://knowledge.hubspot.com/connected-email/understand-hubspot-sales-email-open-and-click-tracking,"extension and Outlook desktop add-in. Differences between email tracking and logging Email tracking and logging are two related but distinct features for managing and measuring how contacts engage with your emails: Track: use the track feature to monitor when contacts open your emails. To track emails… You'll receive open notifications as well as having a record of the email communication in HubSpot. If you installed the HubSpot Sales Chrome extension for Gmail or the HubSpot Sales Office 365 add-in, you can also set logging and tracking defaults for your extension. Email open tracking Please note… the HubSpot Sales Outlook desktop add-in Troubleshoot the HubSpot Sales Office 365 add-in Analyze email tracking and <…..."
SAL-MOB-281,Understand reply-only email logging rules,Mobile Selling,https://knowledge.hubspot.com/connected-email/log-email-replies-in-the-crm,"When your contact email logging rules are set to log replies only, learn about how those emails replies log to the CRM.… Email logging is based on your account's contact email logging rules. If you've set your logging rules to Log replies only, use this guide to understand how replies are logged to the CRM. To log all emails, learn how to configure contact email logging rules. Requirements for a reply to log When..."
SAL-MOB-282,Exclude recipients from CRM email and meeting logging,Mobile Selling,https://knowledge.hubspot.com/connected-email/add-emails-and-domains-to-the-never-log-list,"Use never log lists to exclude specific email addresses or domains from email and meeting logging in the CRM. Managing never log settings helps you fine-tune logging behavior and maintain data integrity by preventing the logging of internal communications and personal meetings. For example, adding… your company's domain to your never log list prevents internal email and meeting activity from being logged to the CRM, while communications with your contacts are still logged based on your email logging rules. Add email addresses or domains to your personal never log list when exclusions only… apply to your own user account. Use the account-wide never log list…..."
SAL-MOB-283,Turn off one-to-one email tracking or attachment logging,Mobile Selling,https://knowledge.hubspot.com/connected-email/turn-off-one-to-one-email-tracking-or-attachment-logging,"Learn how to turn off email tracking or attachment logging for emails sent from the CRM, the conversations inbox, and through your connected inbox.… Users with Account access permissions can turn off email tracking and attachment logging for emails sent using HubSpot. Turn off one-to-one-email tracking When tracking is turned off, you won't see open and click information for emails sent from the CRM, the conversations inbox, sequences or Gmail… Click Got it to send the email. If you’re sending emails using the sales email extension or add-in, the box will be grayed out in your mail client. Turn off email attachment logging When email attachment logging is…… ..."
SAL-MOB-284,Customize the updated board cards,Mobile Selling,https://knowledge.hubspot.com/records/customize-the-updated-board-cards,"Customize HubSpot board cards by editing sections, properties, quick actions, and currency settings for records in pipeline board views.… In a board view, manage your records in a card layout. Customize the updated board cards to display the information that fits your business needs at a user or account-wide level. For example, Super Admins can configure deal cards to show four specific deal renewal properties. Then, a user can… into a public beta. Otherwise, refer to the customize the board view for objects with pipelines article. Manage the appearance of board cards in a pipeline Your account may…..."
SAL-MOB-285,Add and manage app cards,Mobile Selling,https://knowledge.hubspot.com/integrations/install-and-manage-app-cards,"Learn how to add and manage cards added by connected apps.… App cards cards are a way to customize your HubSpot experience and bring actionable data for integrations or other custom functionality. App cards can be built for private apps that are entirely internal to your organization, as well as public apps which you can install from the App Marketplace..."
SAL-MOB-286,Create Trello cards with workflows,Mobile Selling,https://knowledge.hubspot.com/workflows/create-trello-cards-with-workflows,"Automate Trello card creation with HubSpot workflows. Before you can create Trello cards with workflows, you'll need to connect Trello to your HubSpot account. You can connect the app from the App Marketplace or from within a workflow. In your HubSpot account, click More, then navigate… the action, you can view the cards in Trello. If you're not seeing cards being created in Trello, check the workflow history to view any possible errors. Workflows Integrations… Automate Trello card creation with HubSpot workflows. Before you can create Trello cards with workflows, you'll need to connect Trello to your HubSpot account. You can connect the app from the App…..."
SAL-MOB-287,Create cards to display data on records,Mobile Selling,https://knowledge.hubspot.com/object-settings/create-cards-on-records,"Learn how to create custom cards to display data on your records and how to interact with a card while viewing a record.… Cards are containers of content on records that include data or actions specific to the record they’re on. When editing a record view, you can create custom cards to display information in the left sidebar, middle column, right sidebar, and preview sidebar of records. This article outlines how… to create cards to use on your records, including selecting the data they display. To learn more about customizing the layout and cards included on records, refer to this article. To…..."
SAL-MOB-288,Enroll records in workflows using CRM cards,Mobile Selling,https://knowledge.hubspot.com/workflows/enroll-records-in-workflows-using-crm-cards,"Learn how to manually enroll records in a workflow using automation CRM cards (BETA).… Manually enroll contacts, companies, deals, tickets, and custom objects to workflows directly from a CRM record using automation cards. Before doing so, you'll need to add the automation card to your record view. Learn more about manually enrolling records in workflows. Add an automation card..."
SAL-SAL-289,Use the help desk coaching page,Sales Enablement,https://knowledge.hubspot.com/help-desk/use-the-help-desk-coaching-page,"Track and improve your support team's performance with coaching metrics, including SLA compliance and customer satisfaction.… On the Coaching page in help desk, you can track key coaching metrics to evaluate whether your support team is responding to and closing tickets within SLA, as well as monitor CSAT and CES scores. Support leaders can view and compare metrics for their entire team, while support reps can access… this space to view their own performance data. Use the coaching page In your HubSpot account, click More, then navigate to Service > Help Desk. If More doesn't appear in your account, navigate to Service > Help Desk directly. In the left…..."
SAL-SAL-290,Use coaching playlists to train your team,Sales Enablement,https://knowledge.hubspot.com/calling/use-coaching-playlists-to-train-your-team,"Create coaching playlists containing call recordings to train team members.… You can create coaching playlists containing complete or clipped call recordings to help train your team members. Playlists can help you teach soft skills and selling tactics, or train existing team members on how to position a new product. You can then put your playlists into folders to organize..."
SAL-SAL-291,Use playbooks,Sales Enablement,https://knowledge.hubspot.com/playbooks/use-playbooks,"Learn how to use playbooks to allow your sales and services team members to reference and create standardized notes when speaking with prospects and customers.… An assigned Sales or Service seat is required to create, edit, view, and delete playbooks. With the playbooks tool, you can create interactive content cards displayed in contact, company, deal, and ticket records. When speaking with prospects and customers, your team can reference these and create..."
SAL-SAL-292,Create and use snippets,Sales Enablement,https://knowledge.hubspot.com/conversations/use-snippets,"Snippets are short, reusable text blocks that can be used on contact, company, deal, ticket, and custom object records. You can insert snippets into email templates, chat conversations, and when logging an activity or note. If you want to create reusable emails, learn more about the templates tool..."
SAL-SAL-293,Configure HubSpot's AI agent prompts with connected MCP tools,Sales Enablement,https://knowledge.hubspot.com/integrations/configure-prompts-for-breeze-agents-with-hubspot-mcp-client,"Learn how to configure prompts for HubSpot's AI agents using HubSpot MCP Client in this step-by-step guide.… the exact tool to use and how any actions should be executed, such as query_database, list_databases, or retrieve_page. Provide an example input and output: if your agent needs to add or edit entries, it’s recommended that you include an example of what the data should look like. Best practice… After connecting an MCP server to a HubSpot's AI agent, configure prompt instructions to determine when and how the agent uses connected MCP tools. Well-designed prompts help agents combine HubSpot data with information from external systems to complete specific business tasks consistently. Add MCP… for mentions of…..."
SAL-SAL-294,Manage upcoming client renewals,Sales Enablement,https://knowledge.hubspot.com/partner-tools/manage-upcoming-client-renewals,"Learn how to manage upcoming client renewals on your HubSpot Partner dashboard.… You can view any upcoming renewals for clients you are managing on your partner dashboard. This is helpful for initiating conversations with clients about their experience using HubSpot. In your HubSpot account, click More, then navigate to Partner > Dashboard. If More doesn't appear in your… account, navigate to Partner > Dashboard directly. In the Upcoming HubSpot Renewals section, you can view the following information for clients who have upcoming renewals: Client: name of the client, with a link to their client record. Products: the client's HubSpot subscriptions. MRR…..."
AUT-WOR-295,Review your workflow's enrollment history,Workflow Fundamentals,https://knowledge.hubspot.com/workflows/workflow-enrollment-history,"Learn how to view your enrollment history from within the workflow editor.… of the workflow to navigate to the workflow editor. In the top right of the editor, click Performance history > Enrollments history. Or, from the navigation menu in the top left, click View > Enrollment history. In the right panel, the enrollment history will be displayed in reverse chronological order..."
AUT-WOR-296,Troubleshoot workflow enrollment issues,Workflow Fundamentals,https://knowledge.hubspot.com/workflows/contact-company-deal-ticket-or-quote-not-enrolled-in-workflow,Learn about the possible reasons why records are unexpectedly enrolling or not enrolling in workflows.… And form submission filters are supported in this tool. Reason Steps to resolve The record doesn't meet the workflow's enrollment triggers Check that the record meets the workflow's enrollment triggers. Check any AND and/or OR logic in the triggers. It's strongly recommended to test the record against...
AUT-WOR-297,Manage workflow enrollment settings,Workflow Fundamentals,https://knowledge.hubspot.com/workflows/manage-workflow-enrollment-settings,"Learn how to configure your workflow's enrollment settings, including re-enrollment, unenrollment and additional advanced enrollment settings.… Manage your workflow's enrollment settings, such as re-enrollment, unenrollment, the enrollment of merged records, and the enrollment of synced Salesforce leads and contacts into workflows. To configure other settings, such as…..."
AUT-WOR-298,Set 'Based on a schedule' workflow enrollment triggers,Workflow Fundamentals,https://knowledge.hubspot.com/workflows/use-based-on-a-schedule-workflow-enrollment-triggers,Learn how to use 'Based on a schedule' workflow enrollment triggers across different workflow types to center your workflow actions on a calendar date or date property.
AUT-WOR-299,Test your workflow,Workflow Fundamentals,https://knowledge.hubspot.com/workflows/test-your-workflow,"Use the Test feature to preview how a contact, company, deal, quote, or ticket record will proceed through a workflow once enrolled.… a specific record will go through a workflow after enrollment. When using this option, you can test for automatic or manual enrollment. When testing your workflow or enrollment criteria, the record will only be reviewed against the current version of the workflow. If you're testing your workflow"
AUT-WOR-300,Use datasets in workflow enrollment triggers,Workflow Fundamentals,https://knowledge.hubspot.com/workflows/use-datasets-in-workflow-enrollment-triggers,"Learn how to enroll datasets in scheduled workflows.… After creating a dataset, you can use the dataset as a trigger to enroll all objects from the dataset into the workflow. This enrollment criteria is available only with scheduled workflows. Learn more about using scheduled workflow triggers. Compatible dataset types for workflow enrollment Before..."
AUT-WOR-301,Create workflows,Workflow Fundamentals,https://knowledge.hubspot.com/workflows/create-workflows,"Learn how to create workflows in HubSpot to automated your marketing, sales, and service processes. Create workflows to send marketing emails, follow up on sales tasks, and manage ticket status, and more."
AUT-WOR-302,Manually enroll records in workflows,Workflow Fundamentals,https://knowledge.hubspot.com/workflows/manually-enroll-objects-into-workflows,Learn how to manually enroll records in a workflow.
AUT-WOR-303,Assign a conversation owner in a workflow,Workflow Fundamentals,https://knowledge.hubspot.com/inbox/assign-a-conversation-owner-in-a-workflow,"Learn how to assign a conversation owner in a workflow.… Click Next. To allow conversations to re-enroll after completing enrollment, toggle the Re-enroll switch on. Review your Learn more about workflow re-enrollment. Click Save and continue. In the left panel, click CRM to expand the section. Then, select Assign conversation owner: Click the Target inbox… from scratch, in the upper right, click Create workflow, then select…..."
AUT-WOR-304,Automate A/B email testing with workflows,Workflow Fundamentals,https://knowledge.hubspot.com/workflows/automate-ab-emails-with-workflows,"Learn how to automate your A/B tests with workflows.… action has been saved to a workflow, you cannot use the same email in any other workflows. To use the same email in another workflow, clone the email instead. Use an A/B email in a workflow Use workflows to automate your A/B testing. You can send multiple A/B emails in a single workflow. After… Automated A/B emails will be distributed in a 50/50 split. After saving setting up your email, in the top right, click Review and Publish. In the right panel, click Publish. The email will then be…..."
AUT-WOR-305,Review your workflow's conversion and performance data,Workflow Fundamentals,https://knowledge.hubspot.com/workflows/review-your-workflow-actions-aggregate-performance,"Learn how to review the conversion and performance data for workflow actions such as branches.… Review and use your workflow actions' conversion and performance data to analyze the effectiveness of each section of the workflow and optimize your automation strategies to improve business outcomes. Use this feature to identify the workflow path with the most enrollments, review the counts… of enrollments that reached each step, the counts of errors at each step, and the conversion rate of each branch and end point. You can also filter this data by workflow version to see how past changes affected these…..."
AUT-WOR-306,Use contact-based workflow actions in other workflow types,Workflow Fundamentals,https://knowledge.hubspot.com/workflows/use-contact-based-workflow-actions-in-other-workflow-types,"Learn how to set up contact-based workflow actions with data sources for use in other workflow types (BETA).… When using contact-based workflow actions in other workflow types, you must add your contacts as a data source when setting up the action. For example, in a deal-based workflow, you can add a Set as marketing contact action to set contacts associated with the association label of decision-maker..."
AUT-WOR-307,Workflows | Frequently Asked Questions,Workflow Fundamentals,https://knowledge.hubspot.com/workflows/workflows-faq,"Find answers and general information quickly about the workflows tool in HubSpot.… in the workflow's suppression list, if the record was previously enrolled in the workflow but re-enrollment isn't turned on, and more. Learn more about troubleshooting your workflow enrollment. What are the different workflow enrollment trigger types? There are three types of enrollment triggers..."
AUT-WOR-308,Collect a HAR file for troubleshooting,Workflow Fundamentals,https://knowledge.hubspot.com/help-and-resources/collect-a-har-file-for-troubleshooting,"Learn how to record a HAR file and trace in various browsers to help HubSpot support diagnose technical issues effectively… To troubleshoot technical issues and error messages, HubSpot's support team may ask you to record a HAR file, a trace, or console logs. A HAR file captures the network activity between your browser and HubSpot, offering deeper insights into website loading and data transfer. Console logs are helpful..."
AUT-WOR-309,Use branches in workflows,Workflow Logic,https://knowledge.hubspot.com/workflows/use-if-then-branches-in-workflows,"Learn how to use if/then and value equals branches in workflows to direct enrolled records down multiple paths based on set conditions.… to send enrolled objects down multiple paths based on specific conditions. Branch logic types Subscription required A Marketing Hub Professional or Enterprise subscription is required to use a Random distribution by percentage branch. In workflows, branches can be created based on the following..."
AUT-WOR-310,Use if/then branches in bots,Workflow Logic,https://knowledge.hubspot.com/chatflows/use-if-then-branches-with-chatflows,"Use if/then branches to customize the flow of your bot conversations.… Use if/then branches to customize the flow of bot conversations. You can add conditions to tell your bot to skip to a specific action based on the visitor's response, a contact property value, or your team's availability. Set up an if/then branch for bot actions, or for each quick reply response… within an action. Like with workflow branches, if/then branches enable you to send visitor's down a specific path depending on the criteria you set. For example, you can send visitors to different bot actions depending on if they answer 'yes' or 'no' to the bot question. This helps trigger…… bot…..."
AUT-WOR-311,Connect workflow branches using Go to actions,Workflow Logic,https://knowledge.hubspot.com/workflows/connect-workflow-branches-using-go-to-action,"Create more efficient workflows by using the Go to other action action to connect your branches.… To streamline your workflow building process, you can connect branches with the Go to action action instead of adding the same steps multiple times. This is recommended for workflows with multiple branches. To set up a Go to other action action: In your HubSpot account, click More, then navigate… action in the workflow to connect to. You can only select actions in other branches. This prevents workflow loops. Actions that are not available for selection will be greyed out. In the dialog box, click Done to connect the actions. A dashed arrow will appear showing…..."
AUT-WOR-312,Use delays in your workflows,Workflow Logic,https://knowledge.hubspot.com/workflows/use-delays,"Learn about the different types of workflow delays and how to use them to make your automation smarter.… When creating a workflow, use delays to space out workflow actions, time your email sends, and create a more personalized experience for your prospects and customers. For example, in a customer welcome workflow, you may want to delay sending an email until a specific day of the week or maybe until..."
AUT-WOR-313,Troubleshoot domain connection,Workflow Logic,https://knowledge.hubspot.com/email/troubleshoot-your-email-sending-domain,"Troubleshoot domain connection issues in HubSpot, including DNS propagation delays, common errors, and steps to resolve connection.… After you connect a domain or email sending domain, it can take time for DNS changes to propagate and reflect in HubSpot. In most cases, DNS changes propagate within five hours, but full global propagation can take up to 48 hours. If your domain isn't connecting as expected, troubleshoot common..."
AUT-WOR-314,Turn off workflows,Workflow Logic,https://knowledge.hubspot.com/workflows/turn-off-workflows,"on records in a workflow that is turned off When a workflow is turned off: Records that meet the enrollment triggers will not be enrolled. Records currently enrolled in the workflow will stay enrolled, but any actions apart from delays will not be executed. For example, any Send email actions… will be skipped and enrolled contacts will not receive automated emails. Turning off a workflow will not pause enrolled records at a specific step or action, except for delays. If your workflow includes a delay, and the workflow is turned back on before the delay ends, the record will continue through..."
AUT-WOR-315,Use goals in contact-based workflows,Workflow Logic,https://knowledge.hubspot.com/workflows/use-goals-in-contact-based-workflows,"Learn how to set a workflow goal in your contact-based workflow to focus the objective of your workflow and measure the success of your workflow in nurturing contacts.… on your workflow goals, the goal conversion rate metric will only be available if both criteria are met: Contacts must have been sent a marketing email in the workflow. Goal conversion metrics will not appear if the workflow does not include a Send email action. Your account must have a Marketing Hub..."
AUT-WOR-316,Set up customer agent actions to qualify leads,Workflow Logic,https://knowledge.hubspot.com/customer-agent/set-up-customer-agent-actions-to-qualify-leads,"Optimize lead qualification by setting up customer agent goals. Configure criteria, evaluate prospects, and route qualified leads to your sales team efficiently.… You can configure the customer agent to ask qualifying questions, evaluate prospects, score leads based on your criteria, and route qualified opportunities to your sales team. If you're a Super Admin, you can opt your account into the Customer agent now handles all your front office conversations..."
AUT-WOR-317,Create a goal template,Workflow Logic,https://knowledge.hubspot.com/goals/create-a-goal-template,"Learn more about creating your own goal templates.… > Goals. If More doesn't appear in your account, navigate to Reporting > Goals directly. Click Create goal, then select Create from template. To create a goal from one of your templates: Under the My templates section, click Set goal for the template you want to use. Enter the goal criteria. To copy..."
AUT-WOR-318,Determine filter criteria,Workflow Logic,https://knowledge.hubspot.com/segments/determine-filter-criteria,"are example filtering use cases. Goal Tool to use Criteria Next Steps and outcome Create a marketing email list Segment (active) Email is known AND Email subscription status > Contact has opted into all of > [subscriptions] All contacts subscribed to your emails will be added to the segment, then you can send… (not) met the goal of the workflow will be included. Please note: when using the Contact has met the goal filter, only the contacts who met the goal criteria and were sent a marketing email from the workflow will be included. Ads…..."
AUT-WOR-319,Test if records match segment criteria,Workflow Logic,https://knowledge.hubspot.com/segments/how-to-test-contacts-in-lists,"Learn how to test if a record will meet your segment criteria.… you're using the correct filter logic for your goal. If you're using AND criteria within or between groups, a record is included only if it meets all filters. If you're using OR criteria, a record is included if it meets any of the filters. If the records' results are still not what you expected, learn more about troubleshooting record membership in segments."
AUT-WOR-320,Report on goals,Workflow Logic,https://knowledge.hubspot.com/goals/report-on-goals,"Learn more about reporting on your goals.… custom report builder. A monthly goal can be added in the custom report builder for the following chart types: Vertical bar, Line, and Area charts with a date property on the X-axis. Horizontal bar charts with a date property on the Y-axis. If your report meets one of the above criteria, you can add… When you've created your Sales, Service, Marketing or Custom goals, you can report on their performance. Goals data can be used in the single object report builder, or a sales goal reference line can be added to reports to measure impact over time. View goal…..."
AUT-WOR-321,Add re-enrollment triggers to a workflow,Workflow Logic,https://knowledge.hubspot.com/workflows/add-re-enrollment-triggers-to-a-workflow,"By default, objects are only enrolled in workflows the first time they meet the workflow enrollment triggers or are enrolled manually. Add re-enrollment triggers to allow objects to be re-enrolled in your workflows when they meet your enrollment triggers again."
AUT-WOR-322,Set your workflow enrollment triggers,Workflow Logic,https://knowledge.hubspot.com/workflows/set-your-workflow-enrollment-triggers,"Learn how to set workflow enrollment triggers to automatically enroll records in your workflow when they meet specific trigger criteria.… Summary Use enrollment triggers in HubSpot to automatically enroll records into workflows. Setting up the correct enrollment triggers ensures that the right records are enrolled into the workflow. In this article, review the limits and requirements for enrollment triggers, as well as the…..."
AUT-WOR-323,Set event enrollment triggers,Workflow Logic,https://knowledge.hubspot.com/workflows/set-event-enrollment-triggers,"Learn more about setting event enrollment triggers for your workflows.… It is not possible to enroll records that did not complete an event. For example, you cannot enroll contacts who did not submit a form. However, you can use if/then branches in the workflow to determine if an event has occurred or not. Learn more about event workflow enrollment triggers"
AUT-WOR-324,Set filter enrollment triggers,Workflow Logic,https://knowledge.hubspot.com/workflows/set-filter-enrollment-triggers,Learn how to set filter-based workflow enrollment triggers to automatically enroll records in your workflow when they meet specific trigger criteria.
AUT-WOR-325,Set unenrollment triggers in workflows,Workflow Logic,https://knowledge.hubspot.com/workflows/set-unenrollment-triggers-in-company-deal-ticket-quote-based-workflows,"Learn how to set unenrollment triggers to unenroll or exclude records in workflows.… Use unenrollment triggers in HubSpot to remove records from your workflow. Unenrollment triggers provide more granular control over the records that go through each workflow, so that the workflow will only impact the records that you want. It is not possible to unenroll records from all workflows..."
AUT-WOR-326,Unenroll contacts from a sequence,Workflow Logic,https://knowledge.hubspot.com/sequences/unenroll-from-sequence,"Enterprise accounts only). The contact is unenrolled from the sequence via the unenrollment triggers set on the Automation tab. The contact completes the sequence. Additionally, a contact can be unenrolled from a sequence automatically if one of the following occurs in your HubSpot account: The sequence… is deleted from your HubSpot account. The user who created the sequence is downgraded or deleted from your HubSpot account. Customize automatic unenrollment triggers You can customize when contacts are automatically unenrolled from sequences by turning off the default reply and meeting triggers"
AUT-WOR-327,Manually unenroll records from workflows,Workflow Logic,https://knowledge.hubspot.com/workflows/manually-unenroll-objects-from-workflows,"In addition to using suppression lists, goals, or unenrollment triggers to automate workflow unenrollment, records can also be manually unenrolled from workflows. While all record types can be manually unenrolled from the workflow details page, contacts can also be manually unenrolled from… If they meet re-enrollment triggers, they can enroll in the same workflow again. To prevent contacts from ever re-enrolling in a specific workflow, you can use a suppression list or unenrollment triggers. Unenroll records from the workflow details page In…..."
AUT-WOR-328,Manage workflow settings,Workflow Logic,https://knowledge.hubspot.com/workflows/manage-your-workflow-settings,"Edit your workflows general settings, unenrollment and suppression settings, and enrollment trigger settings in the workflow tool.… To add unenrollment triggers or a suppression list to determine when records should unenroll from a workflow, learn more about managing unenrollment in workflows. When configuring your enrollment triggers, the option to add a suppression list or unenrollment triggers will appear in a Settings tab..."
AUT-WOR-329,Create Asana tasks with workflows,Workflow Actions,https://knowledge.hubspot.com/workflows/create-asana-tasks-with-workflows,"Learn how to create Asana tasks through HubSpot workflows.… Asana is a web and mobile application designed to help teams organize, track, and manage their work. Using workflows, you can automate the creation of Asana tasks to keep your teams aligned. Before you can create Asana tasks with workflows, you'll need to connect Asana to your HubSpot account. You… can connect the app from the App Marketplace or from within a workflow. The Asana user who connected the integration will be added as a collaborator on any tasks created from a HubSpot…..."
AUT-WOR-330,Create Todoist tasks with workflows,Workflow Actions,https://knowledge.hubspot.com/workflows/create-todoist-tasks-with-workflows,"Learn how to create Todoist tasks with HubSpot workflows.… Use workflows to automate the creation of Todoist tasks to help you and your team keep track of work. Before you can create Todoist tasks with workflows, you must connect Todoist to your HubSpot account from the App Marketplace Please note: the Todoist integration is being sunset and is no longer… a personalization token to insert values from the enrolled record. Add labels to your task: add Todoist labels to your tasks. You cannot add new labels from HubSpot, these labels must be…..."
AUT-WOR-331,Create HubSpot tasks and tickets in Microsoft Teams,Workflow Actions,https://knowledge.hubspot.com/integrations/create-hubspot-tasks-and-tickets-in-microsoft-teams,"Learn how to create and manage HubSpot tasks and tickets directly within Microsoft Teams for seamless productivity and collaboration.… After connecting HubSpot and Microsoft Teams, you can create HubSpot tasks and tickets directly in Microsoft Teams. Tasks and tickets created in Microsoft Teams will also sync to any associated records in HubSpot. Create a task To create a task in Microsoft Teams: Start a new conversation… in Microsoft Teams. Click ... > click the HubSpot app. Click <…..."
AUT-WOR-332,Use contact profiles with the HubSpot Sales Office 365 add-in,Workflow Actions,https://knowledge.hubspot.com/connected-email/use-contact-profiles-with-the-hubspot-sales-office-365-add-in,"also create tasks and associate companies, deals, and tickets, all from within your Outlook inbox. Please note: if you are using the Outlook desktop add-in, learn how to use contact profiles with the Outlook desktop add-in. In your Outlook inbox, compose a new email or open an existing email… the relationship between the records. Click Save. Create tasks You can create a task that'll be associated with the contact directly from the contact profile. The task will also appear on the record index page and on the contact's record in the CRM. In your Outlook inbox, compose a new email or open… section,…… ..."
AUT-WOR-333,Use contact profiles with the HubSpot Sales Chrome extension,Workflow Actions,https://knowledge.hubspot.com/connected-email/use-contact-profiles-with-the-hubspot-sales-chrome-extension,"create tasks and associate companies, deals, and tickets, all from within your Gmail inbox. To access contact profiles on any web page, learn more about using the HubSpot Sales Chrome extension across the web. Using contact profiles, you can search for the contacts you have stored in HubSpot… to associate, then select the checkbox next to the record name. Click Next. To label the record association (Professional and Enterprise only), click +Add association label to set labels that describe the relationship between the records. Click Save. Create tasks You can create a task that'll… for a contact and…..."
AUT-WOR-334,Create automations from your record index pages,Workflow Actions,https://knowledge.hubspot.com/workflows/create-automations-from-your-record-index-pages,"automation actions. Delay Send internal email notifications Create task To add actions to your automation: To add new step in your automation, click + Add next step. Configure your action: Click the dropdown menus for the action and select your options. For example, when creating a task, you'll need… From your contact, company, or deal index pages, you can create and manage automations for that object type. For example, from your deals index page, you can set up automations to create a new task whenever a deal's stage is updated, or send a notification to a deal owner when a deal is at risk… Learn how to create automations from your contact, company, and…..."
AUT-WOR-335,Manage notifications in Slack,Workflow Actions,https://knowledge.hubspot.com/integrations/manage-your-notifications-in-slack,"Learn how to manage HubSpot notifications in Slack, from setup and integrations to sending custom notifications and creating channels through workflows.… conversations to Slack section, toggle the ON/OFF switch on next an inbox to send notifications for that inbox's incoming live chats. Click the Slack Channel dropdown menu and select a channel. Click the Inbox Channel Types dropdown menu and select the checkbox next to each channel type you want to sync..."
AUT-WOR-336,Manage notifications in Google Chat,Workflow Actions,https://knowledge.hubspot.com/integrations/manage-your-notifications-in-google-chat,Learn how to integrate Google Chat with your conversations inbox to receive notifications about incoming live chats in a dedicated Google Chat space and chat with visitors directly through a Google Chat thread.… You can reply through a Google Chat thread. The entire conversation will still be logged in the inbox. Send custom Google Chat notifications through workflows Subscription required A HubSpot Professional or Enterprise subscription is required to use workflows. You can automate custom Google Chat… notifications from your HubSpot account using workflows. To send a Google Chat notification with…...
AUT-WOR-337,Set up form submission notifications,Workflow Actions,https://knowledge.hubspot.com/forms/set-up-your-form-submission-notifications,"Learn how to set up your form submission notifications when a contact submits one of your HubSpot forms.… custom notifications, users in Professional or Enterprise accounts can create a workflow. For example, you can use a communication action, such as the send internal marketing emails action, to send an automated email each time your form is submitted. To send Slack notifications, learn how to manage..."
AUT-WOR-338,Not receiving push notifications in browser,Workflow Actions,https://knowledge.hubspot.com/account-management/why-am-i-not-receiving-push-notifications-in-my-browser,"Make sure your browser supports push notifications and notifications are enabled in your browser settings.… Site settings, then select Allow in the dropdown menu to the right of Notifications. Firefox Click the lock icon in the address bar of your Firefox browser. On the right, click the arrow symbol > beside Connection status. Click More Information, then select the Permissions tab. Under Send… the Allow websites to ask permission to send push notifications checkbox. Edge Click the lock icon in the address bar of your Edge browser. Under <…..."
AUT-WOR-339,Verify the email address used to send marketing emails,Workflow Actions,https://knowledge.hubspot.com/marketing-email/verify-the-email-address-used-to-send-marketing-emails,"Learn how to verify an email address to use as the from address for marketing emails.… Emails sent from connected email sending domains tend to have higher delivery rates and be sent to spam less frequently. Verify email addresses used to send marketing emails To verify an email address that doesn't match a connected email sending domain or existing user: In your HubSpot account, click… address dropdown menu and select an email address or click Add email address. If the address isn't verified, click verify your ownership. In the dialog box,…..."
AUT-WOR-340,Connect a separate dedicated IP address per brand,Workflow Actions,https://knowledge.hubspot.com/marketing-email/connect-a-separate-dedicated-ip-address-per-brand,"Learn how to set up separate dedicated IP addresses for sending marketing emails using different brands in HubSpot.… connect a dedicated IP address, all marketing emails sent from your account will be sent from that IP address; you can no longer send marketing emails using HubSpot's shared IP addresses. The first dedicated IP address you connect is designated as the default. When you connect new brands… Select Dedicated IP,…… ..."
AUT-WOR-341,Create and send marketing emails,Workflow Actions,https://knowledge.hubspot.com/marketing-email/create-and-send-marketing-emails,"Learn more about creating marketing emails, as well as setting up recipients and sender information."
AUT-WOR-342,Send marketing emails to more contacts,Workflow Actions,https://knowledge.hubspot.com/marketing-email/send-marketing-emails-to-more-contacts,"Learn how to send a marketing email to additional contacts after it's been sent.… email. Send marketing emails to more contacts In your HubSpot account, click More, then navigate to Marketing > Email. If More doesn't appear in your account, navigate to Marketing > Email directly. Click the name of a sent marketing email. In the top right, click the Actions dropdown menu… segment or contact you want to ensure doesn't receive…… ..."
AUT-WOR-343,Connect a dedicated IP address for sending emails,Workflow Actions,https://knowledge.hubspot.com/marketing-email/connect-a-dedicated-ip-address-for-sending-emails,"Learn how to set up a dedicated IP for sending marketing emails in HubSpot.… With a dedicated IP address, all marketing emails you send from HubSpot will come from an IP address that only your account uses, rather than from a shared IP address. A dedicated IP address is a good fit for accounts that send a high volume of email and need greater control over email sending… sidebar menu, navigate to Content > Domains & URLs. Click Connect a domain. In the dialog box, select Dedicated IP,…..."
AUT-WOR-344,"Organize, delete, and export properties",Workflow Actions,https://knowledge.hubspot.com/properties/organize-and-export-properties,"outdated or redundant properties. Learn how to export a property's history to view its values per record. If you want to create new or update existing properties, learn how to create and edit properties. Create and edit property groups Property groups can help you identify related properties within..."
AUT-WOR-345,Edit records using workflows,Workflow Actions,https://knowledge.hubspot.com/workflows/edit-records-using-workflows,"Learn how to update your records with workflows using the edit records action.… After creating your workflow and setting enrollment triggers, use the Edit records action to update or clear your record's property values. You can also use this action to copy values from one property to another, both within the same record and with associated records. Before you get started… value checkbox. What are the different ways to use the Edit record action? The following examples outline the different ways you can use the Edit record action in workflows…..."
AUT-WOR-346,Enrich your contact and company data,Workflow Actions,https://knowledge.hubspot.com/records/enrich-your-contact-and-company-data,": fill properties containing blank or empty values or overwrite existing values. You control which method to use. Learn more about configuring overwrite settings. Continuous: update property values previously filled using enrichment. If a user or another system edits an enriched property value… via data enrichment settings, or enrich existing ones manually one at a time or in bulk. Property fill behavior differs based on the enrichment method: Automatic: fills properties containing…… ..."
AUT-WOR-347,Understand workflow object types,Workflow Actions,https://knowledge.hubspot.com/workflows/understand-workflow-object-types,Update a contact's lifecycle stage and properties based on interactions with your content.… Update property values based on associated contact records.… Use Edit record workflow action to update your campaign details.… Set up a workflow to automatically update a deal stage after a meeting.… Use the Edit record action to update meeting details such as the Meeting Outcome from Scheduled to Completed.
AUT-WOR-348,Create and use segment properties,Workflow Actions,https://knowledge.hubspot.com/segments/create-and-use-list-properties,"properties section when creating a segment. Update segment properties You can update custom property values for existing segments from the index page. In your HubSpot account, click More, then navigate to CRM > Segments. If More doesn't appear in your account, navigate to CRM > Segments directly..."
AUT-WOR-349,Understand how Sensitive Data is used in HubSpot tools,Workflow Actions,https://knowledge.hubspot.com/account-security/sensitive-data-in-hubspot-tools,"with access to a Sensitive Data property can update the property’s values manually or via import and workflows. If your account allows HubSpot employees access to troubleshoot support issues, HubSpot employees will not have access to view Sensitive Data property values. For Highly Sensitive Data… and editing property values in HubSpot. Uploading to forms with HubSpot forms, non-HubSpot forms, and the forms submissions…..."
AUT-WOR-350,Create records on the updated index page,Workflow Actions,https://knowledge.hubspot.com/records/create-records-on-the-updated-index-page,"Create records in HubSpot using the updated table or board view, add property values, associate records, and transfer activities during creation.… In the updated index page view, create records from both table and board views. Enter property values, add associations, and transfer existing activities during record creation. You can verify if this article applies to your account by comparing your table to the image below. In your HubSpot..."
AUT-WOR-351,Create records with workflows,Workflow Actions,https://knowledge.hubspot.com/workflows/create-records-with-workflows,"for the workflow. Otherwise, you could create an infinite loop where newly created records endlessly create new records. An email address is required to create contact records with a workflow. It's recommended to use a personalization token to insert a value from the enrolled record. For example, if you have..."
AUT-WOR-352,Create and manage records in the HubSpot mobile app,Workflow Actions,https://knowledge.hubspot.com/records/work-with-records-in-the-hubspot-mobile-app,"Learn how to work with your contact, company, ticket, deal, and custom object records on the go by using the HubSpot mobile app.… Use the HubSpot mobile app to view and manage your contact, company, deal, ticket, lead, and custom object records from your mobile device. For example, log a call right after an in-person sales meeting or create a new contact on the spot to keep your CRM current without returning to your desk..."
AUT-WOR-353,Recorded meetings will no longer create duplicate call records,Workflow Actions,https://knowledge.hubspot.com/meetings-tool/recorded-meetings-will-no-longer-create-duplicate-call-records,"Starting July 31, 2026, recorded meetings will no longer create separate call records. Recorded meetings will only create meeting records.… record. After the change on August 31, 2026: Recorded meetings will create a meeting record only. Transcripts, recordings, and summaries for meetings will live on the meeting record. This change prevents duplicate records from being created and aligns with how users expect meetings to be tracked: one… On August 31, 2026, HubSpot will change how recorded meetings are logged. Today, meetings recorded with…..."
AUT-WOR-354,Overview of the updated index page,Workflow Actions,https://knowledge.hubspot.com/records/understand-the-updated-index-page,"Navigate articles for creating, viewing, filtering, and managing records in the updated index page across HubSpot tools.… In the updated index page, you can create, view, filter, and manage records across different tools. Use the sections and links below to navigate to specific actions and related articles. You can verify if this article applies to your account by comparing your table to the image below. In your… card appearances. Create records. View your records. Use the updated table view. Use the updated board view. Use the updated…..."
AUT-WOR-355,Rotate ticket owners by skill with workflows,Workflow Actions,https://knowledge.hubspot.com/workflows/rotate-ticket-owners-by-skill-with-workflows,"Learn how to automatically rotate and assign ticket owners based on users' skills using the 'Rotate record by skill' action in workflows (BETA).… to Overwrite any existing ticket owner selected. Rotate records by skill in ticket-based workflows In your HubSpot account, click More, then navigate to Automation > Workflows. If More doesn't appear in your account, navigate to Automation > Workflows directly. Click the name of an existing workflow..."
AUT-WOR-356,Assign ownership of records,Workflow Actions,https://knowledge.hubspot.com/records/how-to-set-a-record-owner,"Learn how to set the record owner manually on individual records, or in bulk using the Assign action on record home pages or using the workflows tool.… in the Set [object] property value action. You can also use branching logic to assign different owners to your objects based on different criteria. Rotate records between multiple owners Rotate assignment between multiple users using workflows. The workflow will evenly distribute assignment..."
AUT-WOR-357,Create and manage teams,Workflow Actions,https://knowledge.hubspot.com/user-management/create-and-manage-teams,"the permissions you selected for the set. Click the Users tab. Then, click the dropdown menu and select all users on the Northwest Sales Team. Click the X next to the users name to remove them. Click Create. Rotate records between multiple owners using a workflow Reassign records from the team members… Teams in HubSpot help you organize users into structured groups so you can manage access, reporting, and record visibility more efficiently. By assigning users to a main team and extra teams, control which records they can access and how your data appears in team-based reports. Teams are especially..."
AUT-WOR-358,Rotate conversation owners with workflows,Workflow Actions,https://knowledge.hubspot.com/workflows/rotate-conversation-owners-with-workflows,"Learn how to automatically rotate conversation owners using workflows.… Use the Rotate record to owner action in conversation-based workflows to automatically move a conversation to another inbox and assign it to a specific user or team based on access to the inbox. Seats required An assigned Service Seat is required for users selected in the action. Users without… an assigned Service Seat cannot be rotate and assigned to a conversation. Before you get started When using this action, changing the assignment on closed conversations will result in the conversation being reopened. It is recommended to exclude closed conversations when setting up the workflow's… enrollment criteria. If using rules-based bots, it is…..."
AUT-WOR-359,Assign and rotate ticket owners using workflows,Workflow Actions,https://knowledge.hubspot.com/workflows/assign-tickets-using-workflows,"Use the Rotate record to owner workflow action to assign tickets to your paid sales and service users. You can use this action to assign users on the Ticket owner property or any custom HubSpot user property. When setting up this workflow action, you can rotate ticket owners based on user… availability and balanced distribution. For example, you can choose to route the tickets based on the number of open tickets that a user currently has, or based on random assignment. Learn more about ticket assignments. Please note: if you're a Super Admin, you can opt your account into the Rotate ticket… owners based on user availability beta. Seats required When assigning users with this action, users must have paid service…..."
AUT-WOR-360,Compatible property types for copying values with workflows,Workflow Actions,https://knowledge.hubspot.com/workflows/compatible-source-and-target-properties-for-copying-property-values-in-workflows,"When you add an action to copy a property value in a workflow, only source and target properties with compatible property field types can be selected. Read-only properties cannot be selected as target properties."
AUT-WOR-361,Manage tickets in help desk,Workflow Actions,https://knowledge.hubspot.com/help-desk/manage-tickets-in-help-desk,"Click the Actions dropdown menue in the top right corner, then select Mark as unread. If you're in board layout, click theerticalverticalMenu3 vertical dots in the upper right, then select Mark as unread. Copy ticket property values Quickly use ticket property values to use in customer or internal… interactions. To copy a ticket property value: In your HubSpot account, click More, then navigate to Service > Help Desk. If More doesn't appear in your account, navigate to Service > Help…..."
AUT-WOR-362,Create sync properties that copy data to associated records,Workflow Actions,https://knowledge.hubspot.com/properties/create-sync-properties,Learn how to create sync properties that can copy property data from a record to its associated records.… updates if the contact’s phone number value is changed. The following behavior applies for sync properties. Sync property values are read only. Sync properties cannot copy data from properties with restricted view and editing access. An association must exist between the objects for a sync property
AUT-WOR-363,Append or replace multiple checkbox property values,Workflow Actions,https://knowledge.hubspot.com/import-and-export/add-or-replace-multiple-checkbox-property-values,"Import a spreadsheet to update multiple checkbox properties in HubSpot. Learn requirements to append or replace values on records for this property type.… Update multiple checkbox property values in bulk via an import. This allows you to append or replace existing values on records. For example, appending values for the property Buying Role on certain contacts. The import row formatting requirements differ depending on appending a value or replacing..."
AUT-WOR-364,Use regular expressions to validate property values,Workflow Actions,https://knowledge.hubspot.com/properties/regex-validation-rules,"Learn how to add regex validation to text properties. Configure rules manually or with AI, set error messages, test values, and explore example patterns.… associated with capture groups, such as the following: extracting parts of the match for later use, referring back to captured values within the expression (i.e. backreferences), or storing match results in variables or groups. Add regex validation rules to a property You can add regular expressions… to text property validation rules. You can manually enter or use AI to write regular expressions. In your HubSpot account, click the settings icon in the top navigation bar. In the left sidebar menu, navigate…..."
AUT-WOR-365,Set property values with hidden form fields,Workflow Actions,https://knowledge.hubspot.com/forms/pass-contact-property-values-with-hidden-form-fields,"Learn how to use hidden form fields in HubSpot to set property values.… Use hidden form fields to automatically set property values when a form is submitted without requiring visitors to enter it manually. Hidden form fields capture known values passed at the time of submission, such as the form field's default value or information from a query string or page URL… For example, when a visitor submits a Request a quote form, you can automatically set their Status property to New, without displaying that field on the form. You can also use…..."
AUT-WOR-366,Automation,Workflow Automation,https://knowledge.hubspot.com/automation,
AUT-WOR-367,Set up quote approvals,Workflow Automation,https://knowledge.hubspot.com/quotes/set-up-quote-approvals,"Set up quote approvals in Commerce Hub to ensure accuracy and consistency, with options for standard approvals and advanced approval workflows."
AUT-WOR-368,Require approvals for deals,Workflow Automation,https://knowledge.hubspot.com/object-settings/pipeline-approvals,"Learn how to set up and use approval requirements for users moving deals through pipeline stages.… past the approval stage. This includes deals created from workflows. Deal approval gives your team structured oversight of deal progression and helps enforce internal review processes, such as requiring manager or legal sign-off before a deal advances. Each pipeline can have a unique approval stage..."
AUT-WOR-369,Send approval reminders,Workflow Automation,https://knowledge.hubspot.com/account-management/send-approval-reminders,"After sending an approval request, send reminder notification and email to approvers of your content including: blog comments, blog pages, landing pages, website pages, social media posts, and marketing emails. This is helpful if an manager or director hasn't approved content yet and the deadline… is approaching. Content After sending an approval request for content, send a reminder notification and email to the approver. Navigate to your content: Website Pages: In your HubSpot account, click More, then navigate to Content > Website Pages. If More doesn't appear in your account, navigate… on the name of your content. In the content editor, click View approval in the top right. In the Approvals panel, next to the…..."
AUT-WOR-370,Require approvals for exports,Workflow Automation,https://knowledge.hubspot.com/import-and-export/export-approvals,"Learn how to set up approval requirements for users exporting records.… You can set up an approval process for CRM exports so that user exports must be reviewed and approved before records are exported from your account. When export approvals are turned on, users whose exports meet the specified criteria cannot export records, segments, or property history without… approval. Please note: other assets and tools in your account (e.g., single-object or custom reports) cannot be configured for export approval. Also, your account may use personalized names for each object (e.g., account instead of company). This article refers to objects by their HubSpot default…..."
AUT-WOR-371,Manage quote approvals,Workflow Automation,https://knowledge.hubspot.com/quotes/manage-quote-approvals,"Learn how to manage and approve quotes, including request changes, and finalizing approvals.… Quote approvals help you maintain accuracy and consistency when sending a quote to a buyer. This article covers how to approve quotes after they've been set up. Learn about the different types of quote approvals you can use. View quotes that need approval You can view quotes that need approval… directly from the notification for approval or from the quotes index page. Approvers can't approve their own quotes. To access the quote approval, you can either: Click Go to quote on the notification. You'll receive…..."
AUT-WOR-372,Create a renewal quote on a contract,Workflow Automation,https://knowledge.hubspot.com/quotes/create-a-renewal-quote-on-a-contract,"Learn how to create renewal quotes on contracts, ensuring efficient revenue management and streamlined customer interactions.… renewals separately from other active deals. Use workflows to automate renewal deal and quote information Use contract properties to create workflows that automatically create renewal deals and quotes: Create renewal deals before the contract renewal date to manage communication with the customer..."
AUT-WOR-373,Review your HubSpot renewal,Workflow Automation,https://knowledge.hubspot.com/account/review-your-upcoming-renewal,"Learn how to manage your HubSpot subscription renewals, including auto-renewal, downgrades, and cancellations, with this comprehensive guide.… to expect during renewal and contract change requests, including which HubSpot teams to contact. Understand commitment terms and billing cycles Before renewing or requesting changes to your subscription, review the following: Commitment term: the period of time you've agreed to use and pay… for a subscription. The date of your purchase and the commitment term determines your renewal date. For Starter subscriptions, this can be a monthly or annual commitment. For Professional and Enterprise subscriptions, this must be…..."
AUT-SER-374,Set up a calling channel in help desk,Service Automation,https://knowledge.hubspot.com/calling/set-up-a-calling-channel-in-help-desk,"Click the settings icon in the top navigation bar. In the left sidebar menu, click Inbox & Help Desk > Help Desk. Under Ticket sources and routing, select Channels. Click Connect a channel on the top right. Click Calling. To choose how to connect a phone number, you can either generate a new number… number from the table. Click Continue to setup in the bottom right. On the Set up ticket automation page, set which properties new tickets from this channel will include. If you don't set channel specific properties, your help desk ticket settings will apply. Click Next. On the Routing"
AUT-SER-375,Connect custom channels to the conversations inbox,Service Automation,https://knowledge.hubspot.com/inbox/connect-custom-channels-to-the-conversations-inbox,"it and click Edit. Toggle the Automatically assign tickets switch on/off to edit ticket routing and configuration. Then, click Save. To move the channel to help desk, hover over it and click Options. Then, select Move to help desk. Learn more about moving inbox channels to help desk. To delete the channel… your credentials. The parameters shown will be dependent on your channel configuration. Seats required A Sales Seat or Service Seat is required to set up routing rules. To set routing rules to automatically route incoming emails to specific users and teams in your account: To set properties for new… to the contact's inquiry. To reassign the conversation,…..."
AUT-SER-376,Connect custom channels to help desk,Service Automation,https://knowledge.hubspot.com/help-desk/connect-custom-channels-to-help-desk,"to connect channels to help desk. Connect a custom channel to help desk In your HubSpot account, click the settings icon in the top navigation bar. In the left sidebar menu, navigate to Inbox & Help Desk, then click Help Desk. In the Ticket sources and routing section, click Channels. Click Connect a channel… the message, in the top right click the Ticket Owner dropdown menu and select a different user. Learn more about routing tickets in help desk. . By default, your reply will be in response to the most recent message in the thread. To reply to a specific message, click the reply icon in the top right… In the left sidebar menu, navigate to Inbox & Help…..."
CUS-SER-377,Set up help desk,Service Operations,https://knowledge.hubspot.com/help-desk/overview-of-the-help-desk-workspace,"Help desk is a central location in your HubSpot account where you and your team can manage tickets. Learn how to connect channels, organize tickets, set up settings, and efficiently manage customer inquiries in one central location."
CUS-SER-378,Route tickets in help desk,Service Operations,https://knowledge.hubspot.com/help-desk/route-tickets-in-help-desk,"Route help desk tickets manually or automatically, ensuring efficient ticket management based on user skills and availability.… In help desk, incoming tickets are left unassigned by default. Learn how to manually assign tickets, or if you're assigned a Service Hub seat, set up automatic routing rules so that tickets are automatically routed to specific users and teams in your account. You can also create skills for your… account's users and then route help desk tickets to users based on their skills. Learn more about skill-based routing.…..."
CUS-SUP-379,Connected inbox error: 'This email couldn't be sent using your connected inbox',Support Experience,https://knowledge.hubspot.com/connected-email/connected-inbox-error-this-email-couldnt-be-sent,"You might occasionally see one of your CRM emails sent from HubSpot fail with a message reading, This email couldn’t be sent using your connected inbox account [email]. Accompanying this message will be an error message reading, 550 5.7.1 Client does not have permissions to send as this sender… Support. If you are using an Exchange inbox, you should connect your Exchange account to HubSpot using the HubSpot-Exchange inbox connection to send emails from the CRM. If you are not using the Exchange inbox, and are instead connecting your Exchange account via IMAP, ask your IT team to assign..."
CUS-SUP-380,A guide to the conversations inbox,Support Experience,https://knowledge.hubspot.com/inbox/use-the-conversations-inbox,"Use your conversations inbox to manage your team's email and chat conversations in one centralized inbox.… HubSpot account, click More, then navigate to CRM > Inbox. If More doesn't appear in your account, navigate to CRM > Inbox directly. If you have multiple inboxes in your account, click the dropdown menu in the top left and select another inbox to view. In the inbox, you can use the following features..."
CUS-SUP-381,Delete a conversations inbox,Support Experience,https://knowledge.hubspot.com/inbox/delete-a-conversations-inbox,"You can delete an inbox from your inbox settings. This action cannot be undone.… Though the conversations will still be logged to the associated contact or ticket's record. Deleting an inbox can't be undone. In your HubSpot account, click the settings icon in the top navigation bar. In the left sidebar menu, navigate to Inbox & Help Desk > Inboxes. Click the Current view dropdown..."
CUS-SUP-382,Set SLAs in the inbox,Support Experience,https://knowledge.hubspot.com/inbox/set-slas-in-the-inbox,"bar. In the left sidebar menu, navigate to Inbox & Help Desk > Inboxes. If you have multiple inboxes set up, use the Current view dropdown menu to select the inbox you want to set up SLAs for. Click the SLAs tab. To control when SLAs will apply to your team, click the Apply based on dropdown menu..."
CUS-SUP-383,Set up the conversations inbox,Support Experience,https://knowledge.hubspot.com/inbox/set-up-the-conversations-inbox,"Set up a conversations inbox and connect team emails and/or chat channels, then view, reply, and manage conversations from each channel in one place.… address for users in a paid account will appear as [username]@[subdomain].hs-inbox.com. The default option for free users will display as [username]@[subdomain].hubspot-inbox.com. Customize from address: if you enter an email address that isn't recognized, you will need to verify that you have access..."
CUS-SUP-384,Manage customer portal settings,Support Experience,https://knowledge.hubspot.com/inbox/manage-customer-portal-settings,"Manage your customer portal settings, including domain, access control, ticket display, and support forms, to enhance user experience and streamline support interactions.… directly. Click the Theming tab. In the Customize your portal appearance section, click Edit theme. In the theme previewer, use the styling options to make sure your customer portal's appearance stays consistent with the rest of your website. Learn more about editing theme style settings..."
CUS-SUP-385,Set up a customer portal,Support Experience,https://knowledge.hubspot.com/inbox/set-up-a-customer-portal,"A customer portal is a home behind a login where customers can view, open, and reply to their support tickets.… connected, learn how to connect a domain to HubSpot. Customer portals hosted on a HubSpot provided system domain (e.g., hs-sites or hubspotpagebuilder) will not send membership emails to a membership access group. The customer portal will appear in the primary language set for your domain. If you..."
CUS-SUP-386,Create and manage access groups for private content,Support Experience,https://knowledge.hubspot.com/website-pages/require-member-registration-to-access-private-content,"portal access Permissions required Customer Portal settings permission is required to limit customer portal access. In your HubSpot account, click More, then navigate to Service > Customer Portal. If More doesn't appear in your account, navigate to Service > Customer Portal directly. Click the Advanced… tab and then click Access. In the Access Control section, select…..."
CUS-SUP-387,Supported file types and sizes,Support Experience,https://knowledge.hubspot.com/files/supported-file-types,are supported when sending an attachment to a website visitor in a chat conversation: video audio json ms-excel ms-powerpoint msword pdf gif jpeg jpg png tiff calendar css csv plain-text vnd zip Customer Portal The file size limit for customer portals is 50MB. The following file types are supported when...
CUS-SUP-388,Manage settings for private content,Support Experience,https://knowledge.hubspot.com/website-pages/manage-private-content-settings,"With memberships, you can manage which visitors can access your private blog, page, knowledge base, and customer portal content. Learn more about setting up memberships and troubleshooting private content. In your private content settings, you can customize the templates used for private content… idle session timeouts For enhanced security, you can automatically log out users who access your private content or customer portal after 15 minutes up to 24 hours of inactivity. HubSpot users must have the Website settings permission to turn on idle session timeouts. In your HubSpot account, click… With memberships, you can manage which visitors can access your…..."
CUS-SUP-389,Chat with logged in visitors,Support Experience,https://knowledge.hubspot.com/chatflows/chat-with-logged-in-visitors,"Learn how to identify logged in visitors in the conversations inbox or help desk.… If your external site is using a login feature or if you require member registration to access private HubSpot-hosted pages, blog posts, or knowledge base content, you can identify logged in visitors in the conversations inbox or the help desk workspace. While chatting with the visitor in the inbox… to respond with a personalized message. Any previous messages will also appear so you have a complete record of the contact's past conversations with your team. Learn more about responding to messages in the conversations…..."
CUS-SUP-390,Connect a WhatsApp number to HubSpot using coexistence,Support Experience,https://knowledge.hubspot.com/inbox/connect-a-whatsapp-number-to-hubspot-using-coexistence,"the WhatsApp number to the conversations inbox or help desk. Once connected, the WhatsApp number will be listed in your connected channels in the conversations inbox or help desk workspace. Messages will sync with HubSpot bidirectionally. Learn more about managing and replying to conversations in the inbox or help desk workspace.… to be sent from a device. Voice notes cannot be sent from the HubSpot inbox at this time. Voice…..."
CUS-SUP-391,Set a default email address for teams in help desk,Support Experience,https://knowledge.hubspot.com/help-desk/set-a-default-email-address-for-teams-in-help-desk,"Set default email addresses for each team in your help desk to streamline responses.… If you have multiple team email addresses connected to help desk, you can set a default From email address for each team. While reps can still select a different address when necessary, this default will be used as the From address for all new emails sent from the help desk workspace. This helps… They will not automatically update to use the default team email address. This setting applies to emails…..."
CUS-SUP-392,Collaborate with your team in the conversations inbox,Support Experience,https://knowledge.hubspot.com/inbox/collaborate-with-your-team-in-the-conversations-inbox,"completed a purchase, your sales team can move the thread to your support team's inbox. Then someone from the support team can take over and respond to the contact's inquiries. You can also move any type of conversation to a different inbox or the help desk workspace, including emails, chats, Facebook… The conversations inbox allows you to view and manage your ongoing conversations in one place. When working with your team in the inbox, you might want to reassign a conversation, comment on an existing thread, move the conversations to another inbox or help desk, or forward the email to another..."
CUS-SUP-393,Connect HubSpot and Google Chat,Support Experience,https://knowledge.hubspot.com/integrations/connect-hubspot-and-google-chat,"Connect the app for Google Chat to HubSpot to manage notifications from Google Chat, connect Google Chat to your inbox, connect Google Chat to your help desk workspace, and receive HubSpot notifications in Google Chat. Follow the steps below to connect HubSpot and Google Chat. Then learn more about… sidebar menu, navigate to Integrations > Connected Apps. Click Google Chat. In the upper-right, click Uninstall. In the dialog box, enter the required text and click Uninstall. Next steps After installing the integration for Google Chat, you can manage your HubSpot notifications and help desk tickets… be…..."
CUS-SUP-394,HubSpot Knowledge Base,Support Experience,https://knowledge.hubspot.com/it,"Manuali di istruzioni e documentazione per la risoluzione dei problemi con il software HubSpot: CRM, CMS, Marketing, Sales e Service… Articoli più votati Certificazioni dell'Accademia | Domande frequenti Aggiungi utenti HubSpot Fatturazione e pagamento HubSpot | Domande frequenti Proprietà predefinite dei contatti di HubSpot Importazione di record per più oggetti Collega un dominio a HubSpot Connettere la propria e-mail personale..."
CUS-SUP-395,HubSpot Knowledge Base,Support Experience,https://knowledge.hubspot.com/es-1,"How-to, reference, and troubleshooting documentation for HubSpot’s CRM, CMS, Marketing, Sales, and Service tools… Highest rated articles Connect your personal email Import records for multiple objects Add HubSpot users HubSpot billing and payment | Frequently Asked Questions Connect a domain to HubSpot HubSpot's default contact properties Choose your workflow actions Academy certifications | Frequently Asked..."
CUS-SUP-396,HubSpot Knowledge Base,Support Experience,https://knowledge.hubspot.com,"How-to, reference, and troubleshooting documentation for HubSpot’s CRM, CMS, Marketing, Sales, and Service tools… Highest rated articles Connect your personal email Import records for multiple objects Add HubSpot users HubSpot billing and payment | Frequently Asked Questions Connect a domain to HubSpot HubSpot's default contact properties Choose your workflow actions Academy certifications | Frequently Asked..."
CUS-SUP-397,Base de conocimientos de HubSpot,Support Experience,https://knowledge.hubspot.com/es,Artículos con la clasificación más alta Conectar una cuenta de correo electrónico personal Importar registros para varios objetos Agregar usuarios de HubSpot Facturación y pago de HubSpot | Preguntas frecuentes Conectar un dominio a HubSpot Propiedades de contacto predeterminadas de HubSpot Elegir...
CUS-SUP-398,Use dashboards in the mobile app,Support Experience,https://knowledge.hubspot.com/dashboards/use-dashboards-in-the-mobile-app,"Manage and create HubSpot dashboards and reports on the go with the mobile app, using intuitive controls and AI-powered features for seamless performance tracking.… You can view your dashboards and create reports in the HubSpot mobile app using your mobile phone. This can be useful if you're on the go and need to review your performance. View and filter your dashboards in the mobile app Open the HubSpot app on your iOS or…..."
CUS-SUP-399,Install the HubSpot mobile app,Support Experience,https://knowledge.hubspot.com/account-mangagement/how-to-install-the-hubspot-mobile-application,"Learn how to install and set up HubSpot's mobile app on iOS and Android.… native biometrics or PIN code. Get the latest version of the HubSpot app You can automate app updates in your device settings, either for all your apps or specifically for the HubSpot mobile app. This is recommended to ensure you do not miss any key updates. Instructions for iOS There are two ways… apps. Select an option for when auto-updates can take…… ..."
CUS-SUP-400,Troubleshoot the HubSpot mobile app,Support Experience,https://knowledge.hubspot.com/account-management/troubleshoot-hubspot-mobile-app,"Find answers and general information quickly about the HubSpot mobile app.… If you're having an issue while using the HubSpot mobile app, the following troubleshooting steps may help to resolve it. Log out of the app and log back in Open the HubSpot app on your device. To access Settings, tap Menu in the bottom navigation menu, then tap the account name in the left sidebar..."
CUS-SUP-401,Review recordings on the HubSpot mobile app,Support Experience,https://knowledge.hubspot.com/mobile/review-calls-on-the-hubspot-mobile-app,"Access the list of your recordings while on the go using the HubSpot mobile app on your iOS or Android device.… If call recording is turned on in your account settings, you can access recordings on the HubSpot mobile app. You can then listen to a recording, review comments, or access the transcript. Listening to recordings can help you coach, mentor, and onboard new reps or catch any missed insights from… : if you don't see your recordings listed, make sure call recording is turned on in your account settings. Review call recordings Open the HubSpot app on your iOS or Android device. In the bottom…… ..."
CUS-CUS-402,Create and customize agents in the agent builder,Customer Success,https://knowledge.hubspot.com/ai/create-and-customize-agents-in-the-agent-builder,"Learn more about Agent Hub (BETA) to enhance your customer journey with AI-driven agents, workflows, and data management tools.… And expected output. In the agent builder, enter text in the Instructions field. Clearly define the agent’s role, goal, approach, and expected output. For example, you could add the following instructions: Role: You’re a customer onboarding review agent responsible for preparing internal handoffs… after a deal is closed. Goal: Analyze customer information and summarize key details needed for a successful onboarding process. Approach: Review contact and company properties,…..."
CUS-CUS-403,Organize your feedback surveys,Customer Success,https://knowledge.hubspot.com/customer-feedback/organize-your-feedback-surveys,"Organize and manage your feedback surveys with advanced filtering, saved views, and customizable columns for insightful analysis.… Use the relevant filter dropdown menu (e.g., Type or Delivery). Type: Customer support (CES), Customer satisfaction (CSAT), Custom survey, or Customer loyalty (NPS). Delivery: chat, email, shareable link, or web. To add quick filters, click + More, and then select a property. To refine your search… Organize and analyze your feedback surveys in HubSpot using filtering, save views, and customizable columns. Review responses, and tailor your survey data to fit your team's workflow. View and organize records with filters, and save…… ..."
CUS-CUS-404,Sync SurveyMonkey data to HubSpot surveys,Customer Success,https://knowledge.hubspot.com/integrations/sync-surveymonkey-data-to-hubspot-surveys,"users to provide their email address. NPS: it allows users to measure their satisfaction with your organization, brand, product, or service. Please note: only one NPS question is supported per survey. Date/Time: it allows users to provide a specific date and time. Please note: For Date/Time… With HubSpot’s SurveyMonkey integration, you can sync SurveyMonkey data to HubSpot's native survey and survey response objects. Analyze, report, and take actions on your surveys in one place, including: Have records in HubSpot for each SurveyMonkey survey and its responses. Create dashboards… and reports in HubSpot for SurveyMonkey surveys. Use survey response-based…..."
CUS-CUS-405,Create and conduct customer support surveys,Customer Success,https://knowledge.hubspot.com/customer-feedback/how-do-i-send-a-customer-support-survey,"Customer Effort Score (CES) measures the ease of a user's customer support experience. CES is based on a seven-point scale ranging from Strongly agree to Strongly disagree. Send customer support surveys to your customers to let them score their experience with one of your support representatives… Please note: you must have an assigned Service Hub seat to create feedback surveys. Learn more in HubSpot's Products & Services catalog. To set up a customer support survey: In your HubSpot account, click More, then navigate to Service > Feedback Surveys. If More doesn't appear in your account..."
CUS-CUS-406,Use dependent fields in custom feedback surveys,Customer Success,https://knowledge.hubspot.com/customer-feedback/use-dependent-fields-in-custom-feedback-surveys,"Learn how to add dependent fields to custom feedback surveys to create dynamic, tailored questions based on user responses.… Add dependent fields to custom feedback surveys to tailor your survey with dynamic fields based on the responses entered. Please note: dependent fields can only be used with custom feedback surveys. Add dependent fields to a custom feedback survey In your HubSpot account, click More, then navigate… to Service > Feedback Surveys. If More doesn't appear in your account, navigate to Service > Feedback Surveys directly. Hover over an existing survey and click Edit or create a new…..."
REP-DAS-407,"How to Create, Clone, Delete, and Manage Dashboards in HubSpot",Dashboards,https://knowledge.hubspot.com/dashboards/manage-your-dashboards,"Learn how to manage your dashboards in your HubSpot account. You can create new dashboards, clone, delete, rename existing dashboards, and change the owner of an existing dashboard.… 's Product and Services Catalog. How do I create a dashboard in HubSpot? To navigate to dashboards: In your HubSpot account, click More, then navigate to Reporting > Dashboards. If More…… ..."
REP-DAS-408,Use the updated report viewer and dashboards,Dashboards,https://knowledge.hubspot.com/reports/use-the-updated-report-viewer-and-dashboards,"Users with a Starter subscription can use the reporting analytics suite and dashboards to learn more about their company's data.… If you have a Starter subscription, you can access a curated set of reporting templates and dashboards that display different analytics. View report templates To view report templates: In your HubSpot account, click More, then navigate to Reporting > Reports. If More doesn't appear in your account… Navigate to Reporting > Reports directly. In the left…… If…..."
REP-DAS-409,Share or export reports and dashboards,Dashboards,https://knowledge.hubspot.com/dashboard/email-or-export-reports-and-dashboards,"Learn about the ways that you can export individual reports and dashboards, including setting up recurring daily, weekly, and monthly emails.… Share reports and dashboards with your team. You can share reports and dashboards via email, Slack, and Google Chat once or on a recurring basis depending on the report or dashboard’s configuration. Share a report From the reports dashboard, you can export a report as a CSV or Excel file, or email… More, then navigate to Reporting > Dashboards. If More doesn't appear in your account, navigate to Reporting > Dashboards directly. In the top right of a report on…..."
REP-DAS-410,Use marketing reports in the marketing analytics suite,Dashboards,https://knowledge.hubspot.com/reports/use-marketing-reports-in-the-marketing-analytics-suite,"Learn how to create marketing reports using the marketing analytics tool.… Use marketing analytics reports to analyze what channels are driving the most engagement, how your website is performing, and contact insights. Once you've customized a report, you can save the report or add it to a dashboard. View, select, and save a marketing report In your HubSpot account, click..."
REP-REV-411,Reporting & Data,Revenue Reporting,https://knowledge.hubspot.com/reporting-and-data,
REP-REV-412,Analyze revenue attribution for content,Revenue Reporting,https://knowledge.hubspot.com/website-and-landing-pages/analyze-revenue-attribution-for-content,"Learn more about attributing closed won revenue to interactions with your blog posts, landing and website pages, and emails."
REP-REV-413,Use marketing events,Revenue Reporting,https://knowledge.hubspot.com/integrations/use-marketing-events,for will receive credit for driving revenue and will appear in your revenue attribution reports. Learn more about creating multi-touch revenue attribution reports. You can also use marketing events in a journey report. Analyze marketing events in the custom report builder Subscription required...
REP-REV-414,Understand HubSpot Ads contact attribution and ad network conversions,Revenue Reporting,https://knowledge.hubspot.com/ads/data-in-hubspot-ads-doesnt-match-external-ad-networks,"Learn about how HubSpot attributes contacts to your ads, and how the ad networks define conversions in your ad account.… for contact and deal attribution, learn more about ads attribution in HubSpot. A visitor contact must click on an ad, leading to a web session. Then, the visitor must submit a form and convert for the first time in that same session. The HubSpot tracking code must be installed on the page your ad directs… visitors to. You've selected the appropriate attribution report on the Ads dashboard. Network conversions Each ad…… You…..."
REP-REV-415,Analyze ad campaigns in HubSpot,Revenue Reporting,https://knowledge.hubspot.com/ads/analyze-ad-campaigns-in-hubspot,"Learn how to view, manage, and analyze your Facebook, Google, and LinkedIn ad campaigns in HubSpot's ads tool.… After connecting your Facebook Ads, Google Ads, and LinkedIn Ads accounts to HubSpot, your ad performance data, such as impressions and clicks, will sync with HubSpot. Learn more about ads attribution in HubSpot. Analyze existing ad campaign data from your connected ad accounts, and drill..."
REP-REV-416,Market your business to generate leads,Revenue Reporting,https://knowledge.hubspot.com/get-started/market-your-business,"campaigns. Connect your ad account: Google| Facebook | LinkedIn Create audiences Create an ad campaign: Google | Facebook | LinkedIn Analyze your ads: Ads attribution | Ad campaign Convert more visitors with forms Convert visitors to contacts with forms on your HubSpot-hosted or external website. Capture… accounts to track your ad campaigns from within HubSpot. After connecting an ad account, HubSpot applies tracking to your active campaigns, which automatically creates contacts in your HubSpot account when they convert on your ads. You can also create audiences, publish ads, and report on your ad..."
REP-REV-417,Create marketing goals,Revenue Reporting,https://knowledge.hubspot.com/forecast/create-ad-goals,"Learn more about creating ad goals to measure the success of your Facebook, LinkedIn, and Google ads campaigns.… Then, the person filled out a form on your website for the first time during a session. Learn more about ads attribution in HubSpot. On the Setup page, customize your goal: In the Goal name field, enter a name for your goal. On the Ad accounts dropdown menu, select the checkboxes next to the ad accounts you..."
REP-REV-418,How to Understand Attribution Report Definitions in HubSpot's Report Builder,Revenue Reporting,https://knowledge.hubspot.com/reports/understand-attribution-reporting,"Learn the definitions for asset types, content types, interactions types and sources and more in the attribution report builder.… before a deal was associated to them. Deal closed-won: the contact's last interaction before the deal associated to them moved to a closed-won stage. For ads attribution reports, Last touch ad is the last ad that was interacted with before a conversion occurred. Any interactions that occur between… Summary Create attribution reports in HubSpot’s report builder to keep track of how each marketing effort has contributed to contacts, deals, and revenue. These reports can help you strategize and determine where to focus your efforts.…..."
REP-FOR-419,Manage deals in the sales workspace,Forecasting & Goals,https://knowledge.hubspot.com/prospecting/create-and-manage-deals-in-the-sales-workspace,"Learn how to create and manage deals in the sales workspace. Use advanced filtering, action completion, and AI-driven insights to improve sales processes.… the sales workspace. You can view and filter your deals, complete actions, and view deal insights. View and filter deals You can view deals using preset views or saved views in the sales workspace. You can also filter deals by pipeline or use advanced filters. In your HubSpot account, click More..."
REP-FOR-420,Create sales reports in the sales analytics suite,Forecasting & Goals,https://knowledge.hubspot.com/reports/create-sales-reports-in-the-sales-analytics-suite,"in the right panel and click the Group by dropdown menu. Select Close date, then click the Compare against dropdown menu and select how you want to view the goal. Weighted forecast category: the forecasted revenue of your deals by forecast category, calculated using the weighted amount of each deal. Learn..."
REP-FOR-421,Manage reports in your reports list,Forecasting & Goals,https://knowledge.hubspot.com/reports/manage-reports-in-your-reports-list,funnel Lead response time Meeting outcomes Prospecting activities Tasks completed Team activity timeline Time spent in deal stage Forecasts & pipelines Deal change history Deal funnel Deal pipeline waterfall Deal push rate Forecast category Historical snapshots Quota attainment Weighted forecast… category Weighted pipeline forcast Sales outcomes Average deal size Deal loss reasons Deal revenue by source Deal velocity Deals won & lost Revenue (BETA) Sales velocity Service Customer satisfaction > Customer satisfaction score (CSAT) Team performance Average time to close ticket Chat wait time Support...
REP-FOR-422,Use the forecast tool,Forecasting & Goals,https://knowledge.hubspot.com/forecast/use-the-forecast-tool,"Use the forecast tool to keep track of your team's progress towards closing deals and meeting their revenue goals.… Weighted pipeline or Total pipeline: the amount of all forecasted deals for the time period. If your Forecast deal amount settings are set to Weighted amount, Weighted pipeline will be displayed. If your Forecast deal amount settings are set to Total amount, Total pipeline will be displayed. Forecast"
REP-FOR-423,Track the accuracy of forecasts,Forecasting & Goals,https://knowledge.hubspot.com/forecast/track-the-accuracy-of-forecasts,"With forecast accuracy tracking, you can measure the reliability of your forecasts and the effectiveness of your forecasting process.… With forecast accuracy tracking, you can measure the reliability of your forecasts and the effectiveness of your forecasting process. Accurate forecasts can help you identify trends and improve the performance of your forecasts so managers can coach reps and reps can gain more visibility… into…..."
REP-FOR-424,Create a forecast to view multiple outcomes,Forecasting & Goals,https://knowledge.hubspot.com/forecast/create-a-forecast-to-view-multiple-outcomes,"Use the forecast tool to keep track of your team's progress towards closing deals and meeting their revenue goals.… another template, you may see the Do you need to use this goal in the forecasting tool? dropdown menu. To use the goal in the forecasting tool, select Yes, make this a forecastable goal. Click the Forecast type dropdown menu and select the forecast type you want this goal to be measured… as a currency field type. This gives you more flexibility with forecasting by allowing you to choose which properties are used to forecast.…..."
REP-FOR-425,Create sales goals,Forecasting & Goals,https://knowledge.hubspot.com/reports/create-sales-goals,"the Revenue template, then, in the Do you need to use this goal in the forecasting tool? dropdown menu, select Yes. If you select No. Forecastable revenue will appear in the Forecast dashboard, while standard revenue goals will only appear in reporting and the Goals overview. On the Setup page, customize… Create user-specific goal for your sales teams. Goals allow managers to specify quotas at the user, team, or pipeline level..."
REP-FOR-426,Revenue,Forecasting & Goals,https://knowledge.hubspot.com/revenue,
REP-FOR-427,Create goal progress reports,Forecasting & Goals,https://knowledge.hubspot.com/goals/create-goal-progress-reports,"Track goal pacing directly within HubSpot, eliminating the need for manual spreadsheet workarounds and external tools.… reports directly from the Goals tool in HubSpot. This feature allows you to generate reports with pre-configured settings and add them to any dashboard. It also introduces specialized visualization styles to help you better understand your data: Progress mode (gauge chart): for tracking overall..."
REP-OPE-428,Create goal reports in the custom report builder,Operational Reporting,https://knowledge.hubspot.com/goals/create-goal-reports-in-the-custom-report-builder,"With the custom report builder, you can report on goals alongside deals and other CRM data.… With the custom report builder, you can report on goals alongside deals and other CRM data. Select goals as the primary data source, join it to deals, and optionally, join deals to contacts, companies, activities, meetings, and other CRM objects using cross‑object reporting. Use case A vice… Understand requirements In order to create…..."
REP-OPE-429,Create reports with the custom report builder,Operational Reporting,https://knowledge.hubspot.com/reports/create-reports-with-the-custom-report-builder,"Learn how to create reports with the new custom report builder.… With HubSpot's custom report builder, you can analyze multiple data sources across HubSpot. The difference between the custom report builder and other types of HubSpot reports is that you can surface data from marketing and sales activities in…..."
REP-OPE-430,Understand the custom report builder,Operational Reporting,https://knowledge.hubspot.com/reports/understand-the-custom-report-builder,"Learn how data sources, field aggregation, and chart visualizations work in the custom report builder.… When creating a report in the custom report builder, you’ll need to decide which data sources to select, how to configure your report fields, and how to configure your chart settings. Below, learn about the different aspects of building a report and how to set up…..."
REP-OPE-431,Interact with reports in the report viewer,Operational Reporting,https://knowledge.hubspot.com/reports/interact-with-reports-in-the-report-viewer,"The report viewer lets you save and quickly switch between up to five unique visual configurations within a single report… The report viewer lets you save and quickly switch between up to five unique visual configurations within a single report. It offers an intuitive interface for analyzing, filtering, and gaining insights from your reports without needing to manually reconfigure or duplicate reports. Access the report..."
REP-OPE-432,Use a report from the report library,Operational Reporting,https://knowledge.hubspot.com/reports/use-a-report-from-the-report-library,"Learn how to find a standard report from the report library and save it to your dashboard or reports list.… HubSpot's report template library contains standard reports that you can save to your reports list or add to your dashboards. These reports cover many different topics such as website performance and sales metrics. To find a suitable standard report: In your HubSpot account, click More..."
REP-OPE-433,Sync and manage help desk tickets in Slack,Operational Reporting,https://knowledge.hubspot.com/help-desk/sync-and-manage-help-desk-tickets-in-slack,"Connect help desk to Slack to manage tickets and receive HubSpot notifications in Slack.… You can connect help desk to Slack to manage tickets and receive HubSpot notifications in Slack. Customize ticket filtering to ensure relevant information reaches your team, sync internal comments, and update ticket properties from Slack, enhancing cross-team collaboration and efficiency. Before… and select a Slack channel to send tickets to. Click the TicketProperty dropdown menus to select a ticket property and its value. To remove a filter, click the…..."
REP-OPE-434,Analyze customer agent's performance,Operational Reporting,https://knowledge.hubspot.com/customer-agent/analyze-your-customer-agents-performance,"Track and enhance your customer agent's performance with HubSpot's Breeze AI. Monitor key metrics, identify knowledge gaps, and improve efficiency.… and handled this week, the average resolution time, deflection rate, and the percentage of visitor feedback indicating the agent was helpful. Conversations handled over time: count of total conversations per week handled by the customer agent. This included both those conversations resolved by the customer..."
REP-OPE-435,Manage the customer agent's identity,Operational Reporting,https://knowledge.hubspot.com/customer-agent/manage-the-customer-agents-identity,"Manage your customer agent's identity, including avatar, name, personality, and language preferences, to align with your brand and business model.… Manage your customer agent's core identity, including its avatar, name, and personality. When you deploy your customer agent to channels, the avatar and name are visible to customers. You can also select a personality that aligns with you brand and business model. For example, organizations… : you can edit your customer agent’s identity without using HubSpot Credits. However, deploying the customer agent to channels requires HubSpot Credits. Learn more…… ..."
REP-OPE-436,Manage the customer agent's channel settings,Operational Reporting,https://knowledge.hubspot.com/customer-agent/manage-the-customer-agents-channel-settings,"Configure your customer agent's behavior across messaging and email channels to enhance your support strategy with tailored settings for efficient contact management and response handling.… field, enter the emails or domains the customer agent should never reply to and press enter after each entry. Senders that match the emails or domains on the ignore. list will be automatically transferred to a human agent. In the Inactivity behaviour section, click the dropdown menus to select a time period for when inactive conversations should close."
REP-OPE-437,Use agent insights to coach the customer agent in help desk,Operational Reporting,https://knowledge.hubspot.com/help-desk/coach-the-customer-agent-in-help-desk,"Enhance your help desk performance by using coaching insights to track and improve customer agent responses effectively.… behavior without leaving help desk. By continually coaching the agent, you can improve its accuracy, increase the number of customer questions it resolves automatically, and save reps time by reducing the need to answer routine inquiries. HubSpot Credits required HubSpot Credits are required… to deploy the customer agent to channels. Credits are consumed only when the agent delivers a resolution. Learn more about how the…..."
REP-OPE-438,Analyze segment trends and usage,Operational Reporting,https://knowledge.hubspot.com/segments/analyze-segments,"and the average time it took. To view the specific contacts, click the line. Learn more about customer journey analytics. Review segment overlap To review which contacts are included in multiple segments, use the Segment overlap report. This report is only available for contact segments. For example, view… is required to use the segment journey report. To track how contacts in segments move through steps in your customer journey, review the Segment journey report. This report is only…..."
REP-OPE-439,Customer journey report steps and filters,Operational Reporting,https://knowledge.hubspot.com/reports/customer-journey-report-steps-and-filters,"Learn more about common steps and filters when creating a customer journey report.… When creating a customer journey report, use steps and filters to define the journey a contact or deal must take. The sections below highlight some of the most common steps and filters to use in your customer journey analytics report. Steps Steps are the individual events that a contact or deal..."
REP-OPE-440,Create a report with journey analytics,Operational Reporting,https://knowledge.hubspot.com/reports/create-a-journey-report,Learn more about creating a journey report to track customers interactions on your website.… Customer journey analytics help you understand how every interaction with your business affects customers. Use customer journey reports to see which touch points are most effective at attracting customers and to track a contact's or deal's progress through different stages. The conversion rate...
INT-AUT-441,Account & Setup,Authentication & Access,https://knowledge.hubspot.com/account-and-setup,
INT-AUT-442,Store Sensitive Data in HubSpot,Authentication & Access,https://knowledge.hubspot.com/account-security/store-sensitive-data,"to the unencrypted values for Sensitive Data properties is restricted to designated HubSpot applications and user-approved connected private apps. Learn more about using Sensitive Data properties. To create a Sensitive Data or Highly Sensitive Data property: In your HubSpot account, click the settings icon… and reporting are stored in protected environments with highly restricted access. Access to the unencrypted values for Sensitive Data properties is restricted to designated HubSpot applications and user-approved connected private apps. Learn more about using Sensitive Data properties .… Learn how to manage Sensitive Data in your CRM, including creating…..."
INT-AUT-443,Manage your connected apps,Authentication & Access,https://knowledge.hubspot.com/integrations/manage-your-connected-apps,"Manage and monitor your HubSpot apps effectively with a centralized Connected Apps page, offering detailed insights, status updates, and educational resources for optimal integration management.… connected apps aren't in use yet. Click Use workflow action to start creating a workflow. Monitor API call usage Under API Call Usage, you can track daily API call usage across private apps connected to your HubSpot account. Private apps use your HubSpot account's subscription-based API…… If…..."
INT-AUT-444,Troubleshoot social publishing errors and limits,Authentication & Access,https://knowledge.hubspot.com/social/what-are-the-most-common-unsuccessful-social-message-errors,"Learn how to resolve common errors and limits which may result in social posts not publishing successfully through HubSpot.… Review common social publishing limits and the steps to resolve them. Facebook rate limit Facebook imposes API limits that can temporarily block publishing social posts through HubSpot. To resolve this issue, it's recommended to wait up to 24 hours, then publish your social post. The rate limit resets… this issue: Confirm your social account is authorized. Ensure any social post media meets the file size and dimensions recommended by the social network you’re posting to. Clone the social post and publish the cloned post. If the issue…..."
INT-AUT-445,Sending limits for connected email accounts,Authentication & Access,https://knowledge.hubspot.com/connected-email/sales-email-send-limits,limits Each email provider has its own rate limits on the number of emails you can send each day. Limits for inboxes connected with Exchange or IMAP vary depending on your mail client. Learn more about rate limits for Gmail and Office 365. A provider's rate limit can include additional limits… to connect the Office 365 email address to a single user's account. Rate <…...
INT-CRM-446,Customize close date automation for objects,CRM APIs,https://knowledge.hubspot.com/object-settings/set-up-close-date-automation-for-objects,"Automate and customize close date settings for deals, tickets, services, and projects in HubSpot pipelines to streamline your sales and service processes.… Please note: your account may use personalized names for each object (e.g., account instead of company). This article refers to objects by their HubSpot default names. By default, the following behavior is expected prior to customization: When you move a record to a closed stage, the Close date..."
INT-CRM-447,Create contacts,CRM APIs,https://knowledge.hubspot.com/records/create-contacts,"Learn how to create contacts in HubSpot.… Any person who interacts with your business can be saved as a contact in HubSpot. Examples of contacts include visitors that convert on a form, visitors who contact your chat team, or potential customers that your team met during an event. You can create individual contacts from the contacts index… page or through other HubSpot tools. To customize how contacts are created, learn how to set the properties that appear when users create contacts. Before you get started Subscription required A Brands…..."
INT-CRM-448,Use e-signatures with quotes,CRM APIs,https://knowledge.hubspot.com/quotes/use-e-signatures-with-quotes,"in the quote preview panel under Quote activities. Only users with access to the quote can view this activity. The activity doesn't appear on associated records (e.g., contact and company). API access: quote reassignment activity may be available through APIs depending on how the event is configured… and the permissions of the API request. E-sign a quote When e-signature is enabled for a quote, buyers and countersigners can add their signatures to the quote. For added security, turn on identity verification. With identity verification turned on, HubSpot will include a preliminary email verification step… Learn how to use e-signatures with HubSpot's quotes…..."
INT-AUT-449,Create custom modules to use on quote templates,Automation APIs,https://knowledge.hubspot.com/quotes/create-custom-modules-to-use-on-quote-templates,"serverless functions. Ramps: display line item price changes over time set by a predefined schedule. For example, a product that costs $5,000 in the first year, $10,000 in year 2. You could also apply a discount to a line item for the first three months before it returns to the standard price… Optional line items: display line items as optional. Buyers can update the quote and deal amount using serverless functions .… Learn how to create custom modules for quote templates, tailored to your business needs..."
INT-AUT-450,Create and use summary functions in datasets,Automation APIs,https://knowledge.hubspot.com/data-management/create-and-use-summary-functions,"Learn more about using and creating summary functions within datasets.… A dataset is a collection of data from across your HubSpot account that can then be used in custom reports. A dataset can include properties for CRM objects and HubSpot assets, along with formulas to calculate your data as needed. Summary functions allow you to aggregate data across multiple rows… within datasets. It also allows you to calculate rates and ratios. Metrics that can be calculated using summary functions include: Conversion rate Average order size Average margin Close ratio Lifetime value Customer acquisition cost Churn rate SLA adherence Custom NPS calculations Row-level vs..."
INT-AUT-451,Use Custom Formula Functions when formatting data in workflows,Automation APIs,https://knowledge.hubspot.com/workflows/custom-formula-functions,"Learn about the different functions you can use when formatting your data with a custom formula.… If you're using a custom formula to format your data in a workflow , you can use functions with property values from the enrolled record or outputs from previous actions to create complex formulas.… These functions do not apply to calculation properties. If you'd like to review the operators, functions, and more for calculation properties, learn about creating custom equation calculation properties instead.… Review the different functions below to determine which to use:"
INT-AUT-452,Undo property value changes,Automation APIs,https://knowledge.hubspot.com/properties/undo-property-value-changes,"In certain scenarios, undo individual property value changes made to records from CRM cards or index pages. This means manual undo actions do not apply to changes made from the following: workflows, API, or connected apps. Instead, restore changes by workflows within a workflow. Please note: your..."
INT-CMS-453,Create and populate HubDB tables,CMS & Data APIs,https://knowledge.hubspot.com/website-and-landing-pages/create-and-hubdb-tables,"Learn how to create HubDB tables and populate them with data.… HubDB is a database tool used to create and manage structured tables of data. You can use HubDB tables to create dynamic pages and query tables externally through the HubDB API. HubDB stores structured data (e.g., product lists, team directories, or event schedules) so the information can… of the feature and potential consequences of using it. Understand limitations & considerations All new tables created are set with a status of draft. Tables can't be used to output data with…..."
INT-DEV-454,Connect and use HubSpot data sync,Developer Tools & Integrations,https://knowledge.hubspot.com/integrations/connect-and-use-hubspot-data-sync,Learn more about how to sync your data between HubSpot and your other apps.
INT-DEV-455,Association mapping with data sync,Developer Tools & Integrations,https://knowledge.hubspot.com/integrations/association-mapping-with-data-sync,"Learn more about association mapping with data sync.… , Airtable, Kintone), and when syncing custom objects, all syncs must be activated in order for associations to be recognized. Learn about how to set up associations with data sync below. Setting up association mappings For example, suppose your connected app stores contacts and companies in separate… data sync apps, association mappings are available by default, and you…… ..."
INT-DEV-456,Match records in data sync,Developer Tools & Integrations,https://knowledge.hubspot.com/integrations/match-records-in-data-sync,"Learn more about the available options when matching records in a data sync.… the CRM syncs tab. Click the [object] sync for the object you want to sync. On the Configure page, navigate to Record matching. Default settings With default settings, the following properties are used to match records in data sync: Contacts or Leads: email address Companies: company name or company..."
INT-DEV-457,Connect HubSpot and Shopify (Data Sync),Developer Tools & Integrations,https://knowledge.hubspot.com/integrations/connect-hubspot-and-shopify-via-data-sync,"Learn how to connect HubSpot and Shopify using HubSpot's data sync.… the store's Shopify URL, then click Connect to Shopify. Configure your sync settings To turn on data sync: In your HubSpot account, click the settings icon in the top navigation bar. In the left sidebar menu, navigate to Integrations > Connected Apps. Click Shopify. Navigate to the CRM syncs tab. Click..."
INT-DEV-458,Use the HubSpot Agent CLI,Developer Tools & Integrations,https://knowledge.hubspot.com/integrations/use-the-hubspot-agent-cli,"Connect AI coding agents to your HubSpot account with the HubSpot Agent CLI, automating CRM tasks and enhancing productivity for your team.… Click Connect app. After authentication is complete, the AI agent can access HubSpot data based on your permissions. To get started, use one of the sample prompts below. Example use cases The following examples show how different teams can use AI agents connected through the HubSpot Agent CLI"
INT-DEV-459,View the integrations sync card,Developer Tools & Integrations,https://knowledge.hubspot.com/integrations/view-the-integrations-sync-card,"Add the integrations sync card to your record to view the integration sync status directly from the HubSpot record.… The integration sync card gives you an accurate view of the sync status between HubSpot records and your integration. The integration sync card is available for the following integrations: Active Campaign Account Engagement (Pardot) Airtable Connectwise PSA Copper Intercom Keap Microsoft Dynamics… 365 Mixpanel NetSuite Odoo Outreach Pipedrive Ouickbooks Salesloft Shopify Xero Zendesk Zoho CRM The integrations sync card can be added to contact, company, deal, invoice, or order records in HubSpot. Please note: the integrations listed above sync…..."
INT-DEV-460,Use the NetSuite integrations sync card,Developer Tools & Integrations,https://knowledge.hubspot.com/integrations/view-the-netsuite-sync-card,"Add the integrations sync card to your record to view the NetSuite sync status directly from HubSpot.… additional NetSuite features. In your HubSpot account, click the settings icon in the top navigation bar. In the left sidebar menu, navigate to Integrations > Connected Apps. Click NetSuite. Click the Feature discovery tab. In the Enable extra features banner, click Enable. Add the sync card If you… settings icon in the top navigation bar. In the left sidebar menu, navigate to Integrations > Connected Apps ."
INT-DEV-461,Manage the marketing contacts settings for your integrations,Developer Tools & Integrations,https://knowledge.hubspot.com/integrations/manage-marketing-contacts-settings-for-your-integrations,"Learn more about turning on the marketing contacts setting for your integrations.… after the toggle has been switched on will be created as marketing contacts. Learn how to set existing contacts as marketing contacts manually in bulk or via workflows. In your HubSpot account, click the settings icon in the top navigation bar. In the left sidebar menu, navigate to Integrations"
